name,region,tags,thumb,url,idx
CJB웨딩컨벤션,충북 청주시,,https://weddingcrowd.kr/data/hall/2406/20210422112321_58.jpg,https://weddingcrowd.kr/hall/view.php?idx=1381,1381
W힐스컨벤션,경기도 성남시,W힐스컨벤션|성남추천웨딩홀|컨벤션웨딩홀|단독웨딩홀|경기웨딩홀|만족도높은웨딩홀|결혼준비,https://weddingcrowd.kr/data/hall/2507/20250721032054_615263_썸네일.jpg,https://weddingcrowd.kr/hall/view.php?idx=131,131
노블발렌티 삼성점,서울시 강남구,노블발렌티삼성|강남웨딩홀|인기웨딩홀|채플홀|단독홀|양식코스|분리예식|하우스웨딩|강남예식장|강남결혼식장|강남웨딩홀추천|결혼준비,https://weddingcrowd.kr/data/hall/2406/20210422133105_76.jpg,https://weddingcrowd.kr/hall/view.php?idx=817,817
더뉴컨벤션웨딩,서울 강서구,더뉴컨벤션웨딩홀|강서구인기웨딩홀|컨벤션웨딩홀|서울웨딩홀|추천웨딩홀|가든웨딩홀|결혼준비,https://weddingcrowd.kr/data/hall/2409/20240912045542_715209_썸네일.jpg,https://weddingcrowd.kr/hall/view.php?idx=1442,1442
더빈컨벤션웨딩홀,충북 청주시,,https://weddingcrowd.kr/data/hall/2406/20220928105359_더빈8.jpg,https://weddingcrowd.kr/hall/view.php?idx=1132,1132
더화이트베일,,더화이트베일|서초웨딩홀|한정식웨딩홀|터미널부근웨딩홀|우아한웨딩홀|스타일웨딩홀|맞춤웨딩홀|교통편좋은웨딩홀|결혼준비,https://weddingcrowd.kr/data/hall/2406/20221102154011_더화11.jpg,https://weddingcrowd.kr/hall/view.php?idx=242,242
데일리웨딩컨벤션,광주 서구,,https://weddingcrowd.kr/data/hall/2406/20221014105444_데일리2.jpg,https://weddingcrowd.kr/hall/view.php?idx=1272,1272
라루체 명동,서울특별시 중구,라루체|유럽풍웨딩홀|컨셉웨딩홀|명동인기웨딩홀|중구웨딩홀|서울웨딩홀|추천웨딩홀|결혼식이벤트|결혼준비,https://weddingcrowd.kr/data/hall/2409/20240904020325_990524_썸네일.jpg,https://weddingcrowd.kr/hall/view.php?idx=458,458
라마다서울,서울 강남구,라마다서울|호텔분리예식|강남웨딩홀|단독웨딩홀|한정식웨딩홀추천|파티웨딩|교통이편리한웨딩홀|결혼준비,https://weddingcrowd.kr/data/hall/2406/20210420180440_01.jpg,https://weddingcrowd.kr/hall/view.php?idx=12,12
라마다인천,인천 남동구,라마다인천|인천호텔웨딩홀|남동구웨딩홀|호텔웨딩홀|럭셔리웨딩홀|추천웨딩홀|결혼준비,https://weddingcrowd.kr/data/hall/2406/20210422110701_라-인.jpg,https://weddingcrowd.kr/hall/view.php?idx=1396,1396
라비두스,서울 중구,라비두스|중구인기웨딩홀|하우스웨딩|야외웨딩|단독웨딩홀|가든웨딩|결혼준비,https://weddingcrowd.kr/data/hall/2406/20210422165802_라비두.jpg,https://weddingcrowd.kr/hall/view.php?idx=1253,1253
라움웨딩센터,전북 전주시,,https://weddingcrowd.kr/data/hall/2406/20221012172832_1.jpg,https://weddingcrowd.kr/hall/view.php?idx=1039,1039
로얄호텔서울,서울 중구,로얄호텔서울|명동인기웨딩홀|호텔웨딩홀|서울웨딩홀|단독웨딩홀|결혼준비,https://weddingcrowd.kr/data/hall/2412/20241211092706_632188_썸네일.jpg,https://weddingcrowd.kr/hall/view.php?idx=453,453
루나미엘레,서울특별시 영등포구,루나미엘레|여의도웨딩홀|영등포웨딩홀|한강뷰웨딩홀|유럽스타일|동시예식|인기웨딩홀|버진로드긴|여유로운예식|컨벤션웨딩홀|호텔형웨딩|고품격웨딩|결혼준비,https://weddingcrowd.kr/data/hall/2411/20241125042824_930340_썸네일.jpg,https://weddingcrowd.kr/hall/view.php?idx=265,265
루이비스 충정로,서울특별시 중구,루이비스충정로|중구웨딩홀|서울역웨딩홀|어두운웨딩홀|천고가높은|버진로드긴웨딩홀|서대문웨딩홀|충정로웨딩홀|결혼준비,https://weddingcrowd.kr/data/hall/2406/20210423160123_루이비스.jpg,https://weddingcrowd.kr/hall/view.php?idx=439,439
루이비스컨벤션웨딩홀,서울 송파구,루이비스문정|잠실웨딩홀|송파웨딩홀|컨벤션웨딩홀|뷔페맛집|높은천고|버진로드긴웨딩홀|결혼준비,https://weddingcrowd.kr/data/hall/2406/20210223094620_dkahfltm.jpg,https://weddingcrowd.kr/hall/view.php?idx=1481,1481
마리아쥬스퀘어,서울 강남구,마리아쥬스퀘어|채플웨딩홀|강남구인기웨딩홀|서울웨딩홀|하우스웨딩홀|한정식웨딩홀|결혼준비,https://weddingcrowd.kr/data/hall/2406/20210902124945_01.jpg,https://weddingcrowd.kr/hall/view.php?idx=799,799
분당앤스퀘어,경기 성남시,분당앤스퀘어|분당웨딩홀|단독건물|컨벤션웨딩홀|뷔페웨딩|버진로드긴|편리한주차|대중교통가까운|뷔페웨딩|웨딩홀맛집|결혼준비,https://weddingcrowd.kr/data/hall/2406/20210422095714_29.jpg,https://weddingcrowd.kr/hall/view.php?idx=1456,1456
빌라드지디 논현,서울 강남구,빌라드지디강남|하우스웨딩|정통하우스웨딩|야외웨딩홀|프라이빗웨딩|커스텀웨딩|플라워래핑|셰프미팅|플라워미팅|결혼준비,https://weddingcrowd.kr/data/hall/2409/20240912043200_528650_썸네일_고정-복구됨.jpg,https://weddingcrowd.kr/hall/view.php?idx=944,944
빌라드지디 수서,서울 강남구,빌라드지디수서|강남웨딩홀|하우스웨딩홀|핫플웨딩홀|자연광웨딩홀|프라이빗웨딩홀|유니크웨딩홀|결혼준비,https://weddingcrowd.kr/data/hall/2406/20210422102834_41.jpg,https://weddingcrowd.kr/hall/view.php?idx=1441,1441
빌라드지디 청담,서울 강남구,빌라드지디청담|하이엔드웨딩|하우스웨딩홀|프라이빗웨딩홀|단독대관웨딩홀|호텔웨딩|자연광웨딩홀|결혼준비,https://weddingcrowd.kr/data/hall/2406/20210422094814_20.jpg,https://weddingcrowd.kr/hall/view.php?idx=1465,1465
상록아트홀,서울특별시 강남구,상록아트홀|강남웨딩홀|테라스가든홀|버진로드긴웨딩홀|서울웨딩홀|하우스가든홀|결혼준비,"https://weddingcrowd.kr/data/hall/2406/20210422125019_상록아트홀_구,상록회관.jpg",https://weddingcrowd.kr/hall/view.php?idx=114,114
서울웨딩타워,서울 송파구,서울웨딩타워|송파구추천웨딩홀|호텔형웨딩홀|컨벤션웨딩홀|천고높은웨딩홀|단독웨딩홀|결혼준비,https://weddingcrowd.kr/data/hall/2406/20210422103308_43.jpg,https://weddingcrowd.kr/hall/view.php?idx=1439,1439
세인트메리엘,서울특별시 강남구,라비돌웨딩강남|강남구웨딩홀|채플웨딩|하우스웨딩|가든웨딩|강남웨딩|뷔페웨딩홀|웨딩홀맛집|사진잘나오는웨딩홀|결혼준비,https://weddingcrowd.kr/data/hall/2406/20210423161157_라비돌.jpg,https://weddingcrowd.kr/hall/view.php?idx=433,433
스타시티 아트홀,서울특별시 광진구,스타시티웨딩홀|건대웨딩홀|광진구웨딩홀|한정식맛집|천고가높은|스냅사진예쁜|교통맛집|예쁜신부대기실|결혼준비,https://weddingcrowd.kr/data/hall/2601/20260109031042_809317_썸네일.jpg,https://weddingcrowd.kr/hall/view.php?idx=46,46
안산 AW컨벤션,경기 안산시,,https://weddingcrowd.kr/data/hall/2407/20240716100316_885798_00.jpg,https://weddingcrowd.kr/hall/view.php?idx=1635,1635
안산호텔스퀘어,경기 안산시,안산웨딩홀|안산호텔웨딩|안산하우스웨딩,https://weddingcrowd.kr/data/hall/2601/20260113020355_243587_썸네일.jpg,https://weddingcrowd.kr/hall/view.php?idx=1630,1630
알펜시아웨딩컨벤션,전북 전주시,,https://weddingcrowd.kr/data/hall/2406/20221012175002_1.jpg,https://weddingcrowd.kr/hall/view.php?idx=1012,1012
애일리하우스,서울 강남구,애일리하우스|선상웨딩|루프탑야외웨딩|스몰웨딩|강남구웨딩홀|한강배경웨딩홀|결혼준비,https://weddingcrowd.kr/data/hall/2406/20210421181437_09.jpg,https://weddingcrowd.kr/hall/view.php?idx=1475,1475
엘블레스,서울 서초구,엘블레스|역세권웨딩홀|양재역웨딩홀|컨벤션웨딩홀|서초구인기웨딩홀|깔끔한웨딩홀|결혼준비,https://weddingcrowd.kr/data/hall/2508/20250804101034_306810_썸네일.jpg,https://weddingcrowd.kr/hall/view.php?idx=1383,1383
웨딩의전당,전북 전주시,,https://weddingcrowd.kr/data/hall/2406/20221012181016_1.jpg,https://weddingcrowd.kr/hall/view.php?idx=1042,1042
전주 N타워 컨벤션 웨딩,전북 전주시,,https://weddingcrowd.kr/data/hall/2406/20221014131634_22.jpg,https://weddingcrowd.kr/hall/view.php?idx=862,862
전주라한호텔,전북 전주시,,https://weddingcrowd.kr/data/hall/2406/20221014154411_1.jpg,https://weddingcrowd.kr/hall/view.php?idx=895,895
청주루체피에스타,충북 청주시,,https://weddingcrowd.kr/data/hall/2406/20220928110240_루체4.jpg,https://weddingcrowd.kr/hall/view.php?idx=535,535
토브헤세드,서울 강남구,토브헤세드|강남웨딩홀|하우스웨딩|스몰웨딩|예쁜웨딩홀|천고가높은홀|단독홀|결혼준비,https://weddingcrowd.kr/data/hall/2406/20210422101224_39.jpg,https://weddingcrowd.kr/hall/view.php?idx=1443,1443
헤리츠 웨딩컨벤션,서울 강남구,헤리츠웨딩컨벤션|조명이예쁜웨딩홀|컨벤션웨딩홀|채플웨딩홀|역세권웨딩홀|하우스웨딩홀|결혼준비,https://weddingcrowd.kr/data/hall/2406/20210422164012_헤리츠 웨딩컨벤션.jpg,https://weddingcrowd.kr/hall/view.php?idx=260,260
홀리데이 인 인천 송도,인천 연수구,홀리데이인인천송도|호텔웨딩홀|인천웨딩홀|연수구웨딩홀|천고가높은웨딩홀|단독웨딩홀|결혼준비,https://weddingcrowd.kr/data/hall/2406/20210422100713_36.jpg,https://weddingcrowd.kr/hall/view.php?idx=1446,1446
aT포레(구.더포레),서울특별시 서초구,AT포레|더포레|양재웨딩홀|강남웨딩홀|컨벤션웨딩홀|단독웨딩홀|결혼준비,"https://weddingcrowd.kr/data/hall/2406/20210422104702_aT포레_구,더포레.jpg",https://weddingcrowd.kr/hall/view.php?idx=99,99
AW컨벤션,경기 안산시,AW컨벤션|안산웨딩홀|컨벤션웨딩홀|추천웨딩홀|단독웨딩홀|럭셔리웨딩홀|결혼준비,https://weddingcrowd.kr/data/hall/2406/20220818151009_aw.jpg,https://weddingcrowd.kr/hall/view.php?idx=898,898
AW컨벤션센터,서울 종로구,AW컨벤션센터|컨벤션웨딩홀|종로구인기웨딩홀|프리미엄웨딩홀|호텔식웨딩홀|광화문웨딩홀|결혼준비,https://weddingcrowd.kr/data/hall/2406/20210422111431_AW컨벤션센터.jpg,https://weddingcrowd.kr/hall/view.php?idx=101,101
BMK웨딩홀,대전 중구,,https://weddingcrowd.kr/data/hall/2406/20220928165135_B.jpg,https://weddingcrowd.kr/hall/view.php?idx=1284,1284
CA웨딩컨벤션,충남 아산시,,https://weddingcrowd.kr/data/hall/2408/20240812030644_547777_썸네일.jpg,https://weddingcrowd.kr/hall/view.php?idx=1120,1120
CN웨딩홀 계산점,인천광역시 계양구,CN웨딩홀계산점|인천인기웨딩홀|뷔페전용웨딩홀|컨벤션웨딩홀|결혼준비,https://weddingcrowd.kr/data/hall/2505/20250529101033_503879_썸네일.png,https://weddingcrowd.kr/hall/view.php?idx=502,502
CN웨딩홀 일산점,경기 고양시,CN웨딩홀일산|일산웨딩홀|고양시추천웨딩홀|소규모웨딩|뷔페전문웨딩홀|결혼준비,https://weddingcrowd.kr/data/hall/2408/20240812031223_513446_썸네일.jpg,https://weddingcrowd.kr/hall/view.php?idx=659,659
CN천년웨딩홀 주안점,인천광역시 남구,CN천년부페주안|뷔페전용웨딩홀|인천인기웨딩홀|인천남구웨딩홀|호텔식웨딩홀|결혼준비,https://weddingcrowd.kr/data/hall/2408/20240821043841_895630_썸네일.jpg,https://weddingcrowd.kr/hall/view.php?idx=501,501
DMC타워웨딩,서울특별시 마포구,DMC타워컨벤션웨딩홀|마포구인기웨딩홀|컨벤션웨딩홀|서울웨딩홀|결혼준비,https://weddingcrowd.kr/data/hall/2406/20210422130403_70.jpg,https://weddingcrowd.kr/hall/view.php?idx=876,876
FKI플라자,서울 영등포구,,https://weddingcrowd.kr/data/hall/2407/20240725041105_460314_썸네일.jpg,https://weddingcrowd.kr/hall/view.php?idx=1649,1649
GD컨벤션,경기 안산시,GD컨벤션|야외느낌웨딩홀|안산인기웨딩홀|컨벤션웨딩홀|천고높은웨딩홀|웅장한웨딩홀|결혼준비,https://weddingcrowd.kr/data/hall/2406/20210422170932_GD.jpg,https://weddingcrowd.kr/hall/view.php?idx=1247,1247
HW컨벤션웨딩,서울 종로구,호텔예식|컨벤션|어두운|화려한|인기웨딩베뉴,https://weddingcrowd.kr/data/hall/2507/20250723033742_385278_썸네일.jpg,https://weddingcrowd.kr/hall/view.php?idx=1496,1496
"H스퀘어(구, 한양대동문회관)",서울특별시 성동구,H스퀘어|왕십리웨딩홀|성동구웨딩홀|신부대기실예쁜웨딩홀|한정식웨딩홀|후기좋은웨딩홀|결혼준비,https://weddingcrowd.kr/data/hall/2406/20210423165828_H스퀘어.jpg,https://weddingcrowd.kr/hall/view.php?idx=385,385
ICC호텔웨딩홀,대전 유성구,,https://weddingcrowd.kr/data/hall/2406/20220928171639_ICC1.jpg,https://weddingcrowd.kr/hall/view.php?idx=1278,1278
ICT밸리컨벤션,경기 용인시,,https://weddingcrowd.kr/data/hall/2509/20250923030218_733030_썸네일.jpg,https://weddingcrowd.kr/hall/view.php?idx=1750,1750
JK아트컨벤션,서울 영등포구,JK아트컨벤션|영등포웨딩홀|웨딩홀맛집|컨벤션웨딩|웅장한웨딩|천고높은|다양한웨딩|가성비웨딩|결혼준비,https://weddingcrowd.kr/data/hall/2408/20240812032725_142431_썸네일.jpg,https://weddingcrowd.kr/hall/view.php?idx=901,901
JM컨벤션,경기 안산시,,https://weddingcrowd.kr/data/hall/2408/20240808031218_514767_썸네일.jpg,https://weddingcrowd.kr/hall/view.php?idx=1670,1670
JW메리어트호텔서울,서울 서초구,JW메리어트호텔서울|서초구웨딩홀|서울웨딩홀|호텔웨딩홀|웅장한웨딩홀|럭셔리웨딩홀|결혼준비,https://weddingcrowd.kr/data/hall/2406/20210422125559_67.jpg,https://weddingcrowd.kr/hall/view.php?idx=890,890
JW컨벤션웨딩홀,서울 노원구,JW컨벤션웨딩홀|노원구추천웨딩홀|서울웨딩홀|컨벤션웨딩홀|씨어터웨딩|모던웨딩|이벤트웨딩|결혼준비,https://weddingcrowd.kr/data/hall/2406/20220822173546_J3.jpg,https://weddingcrowd.kr/hall/view.php?idx=371,371
"KU컨벤션(구, 건대동문회관)",서울 광진구,KU컨벤션|건대동문회관|광진구웨딩홀|컨벤션웨딩홀|한정식웨딩홀|결혼준비,https://weddingcrowd.kr/data/hall/2406/20220818174421_건대.jpg,https://weddingcrowd.kr/hall/view.php?idx=54,54
L65호텔웨딩컨벤션,서울 동대문구,,https://weddingcrowd.kr/data/hall/2410/20241004053655_134882_썸네일.jpg,https://weddingcrowd.kr/hall/view.php?idx=1737,1737
MJ컨벤션웨딩,경기 부천시,,https://weddingcrowd.kr/data/hall/2408/20240808013846_509539_썸네일.jpg,https://weddingcrowd.kr/hall/view.php?idx=1667,1667
M스타하우스웨딩,대구 동구,,https://weddingcrowd.kr/data/hall/2406/20221012154329_엠3.jpg,https://weddingcrowd.kr/hall/view.php?idx=1076,1076
NS웨딩홀,충남 논산시,,https://weddingcrowd.kr/data/hall/2408/20240814055007_191642_썸네일.jpg,https://weddingcrowd.kr/hall/view.php?idx=1695,1695
PJ호텔웨딩홀,서울특별시 중구,PJ호텔웨딩홀|중구인기웨딩홀|호텔웨딩홀|하우스웨딩홀|추천웨딩홀|서울웨딩홀|결혼준비,https://weddingcrowd.kr/data/hall/2406/20210422154320_112.jpg,https://weddingcrowd.kr/hall/view.php?idx=462,462
RNL 로즈앤라임 웨딩홀,서울 중구,,https://weddingcrowd.kr/data/hall/2407/20240724052041_907451_썸네일.jpg,https://weddingcrowd.kr/hall/view.php?idx=1640,1640
SG웨딩컨벤션,경기 평택시,SG웨딩컨벤션|통유리창웨딩홀|평택인기웨딩홀|천고가높은웨딩홀|야외웨딩|결혼준비,https://weddingcrowd.kr/data/hall/2406/20220720154018_sg.jpg,https://weddingcrowd.kr/hall/view.php?idx=702,702
SW컨벤션센터,서울특별시 종로구,SWC웨딩|종로구인기웨딩홀|컨벤션웨딩홀|역세권웨딩홀|서울웨딩홀|결혼준비,https://weddingcrowd.kr/data/hall/2406/20220106171024_01.jpg,https://weddingcrowd.kr/hall/view.php?idx=130,130
SY컨벤션웨딩홀,경기 수원시,커스텀웨딩|신상웨딩홀|수원웨딩홀,https://weddingcrowd.kr/data/hall/2409/20240913115845_617442_썸네일.jpg,https://weddingcrowd.kr/hall/view.php?idx=1731,1731
S컨벤션,충북 청주시,,https://weddingcrowd.kr/data/hall/2408/20240823045605_222405_썸네일.jpg,https://weddingcrowd.kr/hall/view.php?idx=1712,1712
S컨벤션웨딩홀,대전 서구,,https://weddingcrowd.kr/data/hall/2406/20220928173550_S4.jpg,https://weddingcrowd.kr/hall/view.php?idx=1115,1115
S타워웨딩컨벤션,광주 서구,,https://weddingcrowd.kr/data/hall/2406/20221014112819_s7.jpg,https://weddingcrowd.kr/hall/view.php?idx=1276,1276
UA컨벤션,경북 포항시,,https://weddingcrowd.kr/data/hall/2406/20221020175857_u8.jpg,https://weddingcrowd.kr/hall/view.php?idx=619,619
VIP웨딩홀부페,대전 서구,,https://weddingcrowd.kr/data/hall/2406/20220928174237_V3.jpg,https://weddingcrowd.kr/hall/view.php?idx=1073,1073
WI컨벤션,경기도 수원시,WI컨벤션|수원월드컵경기장웨딩홀|수원웨딩홀|컨벤션웨딩홀|럭셔리웨딩홀|결혼준비,https://weddingcrowd.kr/data/hall/2406/20220720161937_w10.jpg,https://weddingcrowd.kr/hall/view.php?idx=369,369
W스퀘어,경기 성남시,W스퀘어|성남인기웨딩홀|컨벤션웨딩홀|럭셔리웨딩홀|채플웨딩홀|소규모웨딩|결혼준비,https://weddingcrowd.kr/data/hall/2406/20220721150838_w3.jpg,https://weddingcrowd.kr/hall/view.php?idx=1248,1248
W컨벤션웨딩,전북 익산시,,https://weddingcrowd.kr/data/hall/2406/20221014162217_1.jpg,https://weddingcrowd.kr/hall/view.php?idx=1019,1019
가천컨벤션센터,경기도 성남시,가천컨벤션센터|가천대학교웨딩홀|비전타워|컨벤션웨딩홀|호텔식웨딩홀|성남웨딩홀|결혼준비,https://weddingcrowd.kr/data/hall/2506/20250619015650_383053_가천컨벤션_썸네일.jpg,https://weddingcrowd.kr/hall/view.php?idx=110,110
강동웨딩홀 KDW(구.강동웨딩문화센터),서울특별시 강동구,KDW강동웨딩홀|강동구인기웨딩홀|서울웨딩홀|추천웨딩홀|세련된웨딩홀|아늑한웨딩홀|결혼준비,https://weddingcrowd.kr/data/hall/2406/20220720163207_w1.jpg,https://weddingcrowd.kr/hall/view.php?idx=325,325
강릉 세인트 컨벤션,강원 강릉시,,https://weddingcrowd.kr/data/hall/2406/20220927181108_1.jpg,https://weddingcrowd.kr/hall/view.php?idx=828,828
갤럭시웨딩타운,경기 수원시,갤럭시웨딩타운|수원추천웨딩홀|컨벤션웨딩홀|단독웨딩홀|결혼준비,https://weddingcrowd.kr/data/hall/2406/20210422174208_갤럭시웨딩타운.jpg,https://weddingcrowd.kr/hall/view.php?idx=303,303
"결혼하는 날 웨딩홀(구,월드웨딩홀)",경기 평택시,결혼하는날웨딩홀|평택추천웨딩홀|평택웨딩홀|웨딩홀추천|컨벤션웨딩홀|결혼준비,"https://weddingcrowd.kr/data/hall/2406/20210422134829_결혼하는 날 웨딩홀-구,월드웨딩홀.jpg",https://weddingcrowd.kr/hall/view.php?idx=150,150
경기교총웨딩하우스,경기도 수원시,경기교총웨딩하우스|유로피안웨딩홀|수원인기웨딩홀|수원웨딩홀|팔달구웨딩홀|특별한웨딩홀|천고가높은웨딩홀|결혼준비,https://weddingcrowd.kr/data/hall/2512/20251211122146_553299_썸네일.jpg,https://weddingcrowd.kr/hall/view.php?idx=229,229
경민컨벤션웨딩홀,경기 의정부시,경민컨벤션웨딩홀|의정부인기웨딩홀|컨벤션웨딩홀|천고가높은웨딩홀|결혼준비,https://weddingcrowd.kr/data/hall/2406/20210422180218_경민.jpg,https://weddingcrowd.kr/hall/view.php?idx=972,972
경복궁웨딩컨벤션,충남 공주시,,https://weddingcrowd.kr/data/hall/2408/20240814043309_988972_썸네일.jpg,https://weddingcrowd.kr/hall/view.php?idx=632,632
계룡스파텔,대전 유성구,,https://weddingcrowd.kr/data/hall/2408/20240812034836_480100_썸네일.jpg,https://weddingcrowd.kr/hall/view.php?idx=1080,1080
"고려플라자(구, 고려대학교 교우회관웨딩홀)",서울 성북구,고려플라자|고려대학교웨딩홀|성북구웨딩홀|서울웨딩홀|단독웨딩홀|결혼준비,https://weddingcrowd.kr/data/hall/2406/20210423164132_고려.jpg,https://weddingcrowd.kr/hall/view.php?idx=401,401
고창 컨벤션웨딩홀르네상스,전북 고창군,,https://weddingcrowd.kr/data/hall/2406/20221014165544_1.jpg,https://weddingcrowd.kr/hall/view.php?idx=1009,1009
곤자가컨벤션,서울특별시 마포구,,,https://weddingcrowd.kr/hall/view.php?idx=199,199
공군호텔(공군회관 웨딩홀),서울특별시 영등포구,,https://weddingcrowd.kr/data/hall/2408/20240812035939_581199_썸네일.jpg,https://weddingcrowd.kr/hall/view.php?idx=174,174
관세비스타,경기 고양시,,https://weddingcrowd.kr/data/hall/2408/20240820045705_443135_썸네일.jpg,https://weddingcrowd.kr/hall/view.php?idx=1700,1700
광명퀸컨벤션웨딩홀,경기 광명시,W컨벤션웨딩광명|광명추천웨딩홀|컨벤션웨딩홀|단독웨딩홀|천고가높은웨딩홀|결혼준비,https://weddingcrowd.kr/data/hall/2406/20220822175725_광명.jpg,https://weddingcrowd.kr/hall/view.php?idx=95,95
국방컨벤션,서울특별시 용산구,,https://weddingcrowd.kr/data/hall/2408/20240812041126_706855_썸네일.jpg,https://weddingcrowd.kr/hall/view.php?idx=2,2
규수당 (문래점),서울특별시 영등포구,,https://weddingcrowd.kr/data/hall/2408/20240812042233_915358_썸네일.jpg,https://weddingcrowd.kr/hall/view.php?idx=571,571
그래머시 코엑스,서울특별시 강남구,그래머시코엑스|강남구웨딩홀|결혼준비,https://weddingcrowd.kr/data/hall/2406/20210422141605_90.jpg,https://weddingcrowd.kr/hall/view.php?idx=598,598
그래비티 서울 판교,경기 성남시,그래비티|메리어트|호텔웨딩|소규모웨딩|컨벤션웨딩|동시예식|프라이빗웨딩|양식코스|한정식코스|판교웨딩홀|호텔웨딩홀|성남호텔|성남웨딩홀|결혼준비,https://weddingcrowd.kr/data/hall/2407/20240712051108_614103_그래비티서울판교호텔.jpg,https://weddingcrowd.kr/hall/view.php?idx=1488,1488
그랜드 인터콘티넨탈 서울 파르나스,서울 강남구,그랜드인터콘티넨탈서울파르나스|호텔웨딩홀|그랜드볼룸|스몰웨딩|테라스웨딩|세련된웨딩홀|결혼준비,https://weddingcrowd.kr/data/hall/2406/20210423143119_파르나스.jpg,https://weddingcrowd.kr/hall/view.php?idx=600,600
그랜드 하얏트 인천,인천 중구,그랜드하얏트인천|인천인기웨딩홀|호텔웨딩홀|소규모웨딩|하우스웨딩홀|영종도웨딩홀|결혼준비,https://weddingcrowd.kr/data/hall/2406/20210423101603_하얏트인천.jpg,https://weddingcrowd.kr/hall/view.php?idx=925,925
그랜드앰배서더 서울(구.소피텔앰배서더),서울특별시 중구,그랜드앰배서더서울|서울호텔웨딩홀|중구인기웨딩홀|호텔웨딩|대규모웨딩홀|소규모웨딩홀|하우스웨딩홀|결혼준비,"https://weddingcrowd.kr/data/hall/2406/20210422180018_그랜드앰배서더 서울_구,소피텔앰배서더.jpg",https://weddingcrowd.kr/hall/view.php?idx=322,322
그랜드오스티엄,인천 남구,그랜드오스티엄|인천문학경기장웨딩홀|인천인기웨딩홀|추천웨딩홀|인천웨딩홀|컨벤션웨딩홀|결혼준비,https://weddingcrowd.kr/data/hall/2406/20210422164836_그랜.jpg,https://weddingcrowd.kr/hall/view.php?idx=1257,1257
그랜드컨벤션센터,서울 영등포구,그랜드컨벤션센터|영등포인기웨딩홀|컨벤션웨딩홀|서울웨딩홀|어두운웨딩홀|결혼준비,https://weddingcrowd.kr/data/hall/2510/20251017103235_691985_썸네일.jpg,https://weddingcrowd.kr/hall/view.php?idx=628,628
그랜드하얏트 서울,서울 용산구,그랜드하얏트서울|호텔웨딩홀|용산인기웨딩홀|서울추천웨딩홀|추천웨딩홀|대규모웨딩홀|소규모웨딩홀|결혼준비,https://weddingcrowd.kr/data/hall/2406/20210422095037_그랜드하얏트 서울.jpg,https://weddingcrowd.kr/hall/view.php?idx=15,15
그랜드호텔 웨딩의전당,인천 중구,그랜드호텔웨딩의전당|호텔웨딩홀|인천추천웨딩홀|호텔예식전문웨딩홀|중구웨딩홀|럭셔리웨딩홀|결혼준비,https://weddingcrowd.kr/data/hall/2406/20210422180237_그랜드호텔 웨딩의전당.jpg,https://weddingcrowd.kr/hall/view.php?idx=323,323
그랜드힐컨벤션,서울특별시 강남구,그랜드힐컨벤션|컨벤션|강남구웨딩홀|결혼준비,https://weddingcrowd.kr/data/hall/2406/20210422125810_그랜드힐컨벤션.jpg,https://weddingcrowd.kr/hall/view.php?idx=144,144
그레이스파티,서울 관악구,,https://weddingcrowd.kr/data/hall/2501/20250115051324_755216_썸네일.jpg,https://weddingcrowd.kr/hall/view.php?idx=1744,1744
그레이스파티 인천점,인천 부평구,그레이스파티,https://weddingcrowd.kr/data/hall/2509/20250923031902_811762_썸네일.jpg,https://weddingcrowd.kr/hall/view.php?idx=485,485
기독교연합회관웨딩홀(구.기독교연합회관),서울특별시 종로구,,https://weddingcrowd.kr/data/hall/2408/20240812045122_260502_썸네일.jpg,https://weddingcrowd.kr/hall/view.php?idx=108,108
까사그랑데센트로,서울 광진구,,https://weddingcrowd.kr/data/hall/2411/20241128053534_699324_썸네일.jpg,https://weddingcrowd.kr/hall/view.php?idx=1739,1739
꼬띠움 웨딩(구.목화예식장),인천 남동구,꼬띠움웨딩|인천목화예식장|호텔식웨딩홀|채플웨딩홀|인천웨딩홀|웨딩홀추천|결혼준비,https://weddingcrowd.kr/data/hall/2406/20210423150904_꼬띠움.jpg,https://weddingcrowd.kr/hall/view.php?idx=504,504
나인트리 프리미어 로카우스 호텔 서울 용산,서울 용산구,,https://weddingcrowd.kr/data/hall/2407/20240724062122_249982_썸네일.jpg,https://weddingcrowd.kr/hall/view.php?idx=1643,1643
낙원웨딩홀,경기 의정부시,낙원웨딩홀|의정부인기웨딩홀|호텔식웨딩홀|하우스웨딩|역세권웨딩홀|결혼준비,https://weddingcrowd.kr/data/hall/2406/20210422170446_낙원웨딩홀.jpg,https://weddingcrowd.kr/hall/view.php?idx=267,267
남산예술원웨딩홀,서울특별시 용산구,남산예술원|용산인기웨딩홀|서울웨딩홀|야외웨딩홀|소규모웨딩홀|한정식웨딩홀|나이트웨딩|결혼준비,https://weddingcrowd.kr/data/hall/2406/20210422095216_남산예술원웨딩홀.jpg,https://weddingcrowd.kr/hall/view.php?idx=19,19
노바웨딩홀,경기 의정부시,노바웨딩홀|의정부웨딩홀|컨벤션웨딩홀|경기웨딩홀|결혼준비,https://weddingcrowd.kr/data/hall/2406/20210422160233_노바웨딩홀.jpg,https://weddingcrowd.kr/hall/view.php?idx=227,227
노보텔 앰배서더 강남,서울 강남구,노보텔앰배서더강남|강남구호텔예식|어두운분위기|편리한주차|교통편이좋은|가성비좋은식사|분위기좋은로비|결혼준비,https://weddingcrowd.kr/data/hall/2602/20260226041152_178485_썸네일.jpg,https://weddingcrowd.kr/hall/view.php?idx=160,160
노보텔앰배서더 대구,대구 중구,,https://weddingcrowd.kr/data/hall/2406/20221012155558_노보.jpg,https://weddingcrowd.kr/hall/view.php?idx=1072,1072
노보텔앰배서더 독산,서울 금천구,노보텔앰배서더독산|금천구웨딩홀|대규모웨딩홀|호텔웨딩홀|한정식웨딩홀|럭셔리웨딩홀|결혼준비,https://weddingcrowd.kr/data/hall/2406/20210422143355_102.jpg,https://weddingcrowd.kr/hall/view.php?idx=568,568
노보텔앰배서더서울동대문,서울 중구,,https://weddingcrowd.kr/data/hall/2502/20250204121817_934749_썸네일.jpg,https://weddingcrowd.kr/hall/view.php?idx=1745,1745
노블레스웨딩컨벤션,경기도 수원시,수원노블레스웨딩컨벤션|수원웨딩홀|컨벤션웨딩홀|단독웨딩홀|천고높은웨딩홀|한정식웨딩홀|결혼준비,https://weddingcrowd.kr/data/hall/2406/20210422171652_수원노블레스웨딩컨벤션.jpg,https://weddingcrowd.kr/hall/view.php?idx=281,281
노블레스컨벤션웨딩홀,충남 논산시,,https://weddingcrowd.kr/data/hall/2408/20240814054721_159314_썸네일.jpg,https://weddingcrowd.kr/hall/view.php?idx=1694,1694
노블리안웨딩컨벤션,경기 부천시,노블리안웨딩컨벤션|유로피안웨딩홀|부천인기웨딩홀|천고가높은웨딩홀|고품격웨딩홀|결혼준비,https://weddingcrowd.kr/data/hall/2406/20210422174409_노블리안웨딩컨벤션.jpg,https://weddingcrowd.kr/hall/view.php?idx=295,295
노블발렌티 대치점,서울 강남구,노블발렌티대치|강남웨딩홀|인기웨딩홀|천고가높은|채플홀|단독홀|웨딩홀맛집|분리예식|하우스웨딩|강남예식장|강남결혼식장|강남웨딩홀추천|대치동웨딩홀|뷔페맛있는웨딩홀|뷔페맛집웨딩홀|결혼준비,https://weddingcrowd.kr/data/hall/2406/20210422094850_21.jpg,https://weddingcrowd.kr/hall/view.php?idx=1464,1464
노블카운티,경기 용인시,노블카운티|용인웨딩홀|천고가높은웨딩홀|결혼준비,https://weddingcrowd.kr/data/hall/2406/20210422175140_노블카운티.jpg,https://weddingcrowd.kr/hall/view.php?idx=304,304
노빌리티움 웨딩홀,경기 수원시,노빌리티움|프렌치스타일웨딩홀|수원웨딩홀|하우스웨딩홀|챔프웨딩|추천웨딩홀|결혼준비,https://weddingcrowd.kr/data/hall/2406/20210420183828_01.jpg,https://weddingcrowd.kr/hall/view.php?idx=1482,1482
누에바 파밀리아웨딩,경기 용인시,,https://weddingcrowd.kr/data/hall/2407/20240724043629_190413_썸네일.jpg,https://weddingcrowd.kr/hall/view.php?idx=1636,1636
뉴동해관광호텔,강원 동해시,,https://weddingcrowd.kr/data/hall/2406/20220928164618_1.jpg,https://weddingcrowd.kr/hall/view.php?idx=679,679
뉴라성호텔컨벤션,경기 안산시,뉴라성호텔컨벤션|안산추천웨딩홀|씨어터웨딩홀|컨벤션웨딩홀|경기웨딩홀|결혼준비,https://weddingcrowd.kr/data/hall/2406/20210422142858_뉴라성호텔컨벤션.jpg,https://weddingcrowd.kr/hall/view.php?idx=173,173
뉴힐탑호텔웨딩 더피아체,서울 강남구,뉴힐탑호텔웨딩|더피아체|강남웨딩홀|서울웨딩홀|호텔웨딩홀|초대형웨딩홀|럭셔리웨딩홀|결혼준비,https://weddingcrowd.kr/data/hall/2406/20210422181001_뉴힐탑호텔웨딩 더피아체.jpg,https://weddingcrowd.kr/hall/view.php?idx=339,339
다올라페니체,충남 당진시,,https://weddingcrowd.kr/data/hall/2408/20240814050209_894850_썸네일.jpg,https://weddingcrowd.kr/hall/view.php?idx=1693,1693
단양 대명콘도,충북 단양군,,https://weddingcrowd.kr/data/hall/2406/20220928111039_단양3.jpg,https://weddingcrowd.kr/hall/view.php?idx=1017,1017
더 라빌,서울 강남구,더라빌|리조트형웨딩홀|강남웨딩홀|서울웨딩홀|웨딩홀추천|결혼준비,https://weddingcrowd.kr/data/hall/2406/20210422105506_더 라빌.jpg,https://weddingcrowd.kr/hall/view.php?idx=92,92
더 센트럴웨딩홀,충남 예산군,,https://weddingcrowd.kr/data/hall/2406/20220926171000_더센트롤4.jpg,https://weddingcrowd.kr/hall/view.php?idx=860,860
더 청담,서울 강남구,더청담|하우스웨딩|강남인기웨딩홀|서울웨딩홀|추천웨딩홀|결혼준비,https://weddingcrowd.kr/data/hall/2406/20210420180749_01.jpg,https://weddingcrowd.kr/hall/view.php?idx=4,4
더 컨벤션웨딩홀,서울 송파구,더컨벤션|더컨벤션웨딩홀|서울웨딩홀|역세권웨딩홀|추천웨딩홀|결혼준비,https://weddingcrowd.kr/data/hall/2406/20220812151852_잠실1.jpg,https://weddingcrowd.kr/hall/view.php?idx=21,21
더 파티움 안산,경기 안산시,더파티움|더파티움안산|안산웨딩홀|시어터웨딩|채플웨딩|호텔웨딩|추천웨딩홀|결혼준비,https://weddingcrowd.kr/data/hall/2406/20210422150546_더 파티움 안산.jpg,https://weddingcrowd.kr/hall/view.php?idx=207,207
더AW웨딩컨벤션,경기 안성시,,https://weddingcrowd.kr/data/hall/2408/20240808033534_566217_썸네일.jpg,https://weddingcrowd.kr/hall/view.php?idx=1672,1672
더늘봄,경기 남양주시,더늘봄|남양주웨딩홀|한정식웨딩홀|결혼준비,https://weddingcrowd.kr/data/hall/2406/20210422170802_더늘봄.jpg,https://weddingcrowd.kr/hall/view.php?idx=266,266
더루체웨딩,경기 안산시,더루체|더루체웨딩홀|안산추천웨딩홀|단독웨딩홀|컨벤션웨딩홀|결혼준비,https://weddingcrowd.kr/data/hall/2406/20210423123747_더루체.jpg,https://weddingcrowd.kr/hall/view.php?idx=766,766
더리버사이드호텔,서울특별시 서초구,더리버사이드호텔|한강이보이는웨딩홀|서초구인기웨딩홀|호텔웨딩홀|하우스웨딩홀|서울웨딩홀|결혼준비,https://weddingcrowd.kr/data/hall/2406/20220718152706_매거진-웨딩홀사진-수정.jpg,https://weddingcrowd.kr/hall/view.php?idx=50,50
더링크호텔서울,서울 구로구,,https://weddingcrowd.kr/data/hall/2408/20240808045426_958821_썸네일.jpg,https://weddingcrowd.kr/hall/view.php?idx=1674,1674
더마레보호텔&웨딩,경기 수원시,,https://weddingcrowd.kr/data/hall/2409/20240924051921_580368_썸네일.jpg,https://weddingcrowd.kr/hall/view.php?idx=1734,1734
더맑음 웨딩홀,대전 서구,,https://weddingcrowd.kr/data/hall/2406/20220928175142_더8.jpg,https://weddingcrowd.kr/hall/view.php?idx=1063,1063
더메리든,경기 성남시,,https://weddingcrowd.kr/data/hall/2407/20240716095707_474217_00.jpg,https://weddingcrowd.kr/hall/view.php?idx=1634,1634
더모임,서울 동대문구,더모임|더모임웨딩홀|하우스웨딩|소규모웨딩|스몰웨딩|야외웨딩|프라이빗웨딩|웨딩홀|3시간예식|단독홀|단독대관|결혼준비,https://weddingcrowd.kr/data/hall/2406/20210421180328_03.jpg,https://weddingcrowd.kr/hall/view.php?idx=1484,1484
더발렌티청담,서울 강남구,더발렌티청담|강남구웨딩홀|인기웨딩홀|강남웨딩홀추천|청담동|단독건물|분리예식|하우스웨딩|결혼준비|청담웨딩홀|코스요리|웨딩홀|채플홀|스몰웨딩|결혼준비,https://weddingcrowd.kr/data/hall/2406/20210422095119_더발렌티청담(구)노블발렌티 청담.jpg,https://weddingcrowd.kr/hall/view.php?idx=16,16
더베네치아웨딩부페,서울특별시 송파구,더베네치아|단독웨딩홀|송파구웨딩홀|서울웨딩홀|컨벤션웨딩홀|결혼준비,https://weddingcrowd.kr/data/hall/2406/20210422095755_더베네치아.jpg,https://weddingcrowd.kr/hall/view.php?idx=27,27
더베뉴지서울,서울 강서구,더베뉴지서울|하우스웨딩홀|천고가높은웨딩홀|대규모웨딩홀|결혼준비,https://weddingcrowd.kr/data/hall/2512/20251205031416_228454_썸네일.jpg,https://weddingcrowd.kr/hall/view.php?idx=1252,1252
더베니르,경기 안산시,,https://weddingcrowd.kr/data/hall/2409/20240912045427_194116_더베니르썸네일.jpg,https://weddingcrowd.kr/hall/view.php?idx=1671,1671
더블룸하우스웨딩,경기 안양시,더블룸하우스웨딩홀|하우스웨딩,https://weddingcrowd.kr/data/hall/2603/20260330010959_475173_썸네일.jpg,https://weddingcrowd.kr/hall/view.php?idx=1758,1758
더빅토리아웨딩파티,서울특별시 강북구,더빅토리아웨딩파티|강북구웨딩홀|성북구웨딩홀|노원웨딩홀|동대문웨딩홀|의정부웨딩홀|천고높은|야외웨딩|하우스웨딩홀|밝은웨딩홀|결혼준비,https://weddingcrowd.kr/data/hall/2409/20240912050452_667954_썸네일.jpg,https://weddingcrowd.kr/hall/view.php?idx=415,415
더세인트,서울 구로구,,https://weddingcrowd.kr/data/hall/2408/20240808050210_228606_썸네일.jpg,https://weddingcrowd.kr/hall/view.php?idx=1675,1675
더센트럴웨딩홀,충남 예산군,,https://weddingcrowd.kr/data/hall/2408/20240813043007_891453_썸네일.jpg,https://weddingcrowd.kr/hall/view.php?idx=1686,1686
더스타컨벤션센터,충남 예산군,,https://weddingcrowd.kr/data/hall/2406/20220926171840_더스타.jpg,https://weddingcrowd.kr/hall/view.php?idx=1119,1119
더시그니처클래스,권선구 호매실로,더시그니처클래스|수원추천웨딩홀|컨벤션웨딩홀|웨딩홀추천|결혼준비,https://weddingcrowd.kr/data/hall/2406/20210423140814_시그니처.jpg,https://weddingcrowd.kr/hall/view.php?idx=629,629
더시네마웨딩(구.그랑펠리스),경기 구리시,더시네마웨딩|테마가있는웨딩|극장식웨딩|구리웨딩홀|결혼준비,"https://weddingcrowd.kr/data/hall/2406/20210422134329_더시네마웨딩_구,그랑펠리스.jpg",https://weddingcrowd.kr/hall/view.php?idx=153,153
더아나벨라,인천 미추홀구,더아나벨라|인천웨딩홀|웨딩홀추천|송도웨딩홀|한정식맛집|단독건물|단독홀|단독연회장|결혼준비,https://weddingcrowd.kr/data/hall/2406/20210423102654_아나벨라.jpg,https://weddingcrowd.kr/hall/view.php?idx=912,912
더아리엘 수원,경기 수원시,더아리엘수원|수원웨딩홀|하우스웨딩|호텔식웨딩|소규모웨딩|야외웨딩|스몰웨딩|가든웨딩|파티웨딩|결혼준비,https://weddingcrowd.kr/data/hall/2603/20260319013304_385784_썸네일.jpg,https://weddingcrowd.kr/hall/view.php?idx=1483,1483
더에스비웨딩컨벤션,서울 동작구,더에스비|더에스비웨딩컨벤션|동작구웨딩홀|컨벤션웨딩홀|럭셔리웨딩홀|결혼준비,https://weddingcrowd.kr/data/hall/2508/20250815111314_140216_새프로젝트7.png,https://weddingcrowd.kr/hall/view.php?idx=1447,1447
더오페라하우스,대구 서구,,https://weddingcrowd.kr/data/hall/2406/20221012161213_오페라2.jpg,https://weddingcrowd.kr/hall/view.php?idx=1074,1074
더웨딩컨벤션,서울 강동구,더웨딩컨벤션|강동구웨딩홀|한정식웨딩홀|천고가높은웨딩홀|웨딩홀추천|결혼준비,https://weddingcrowd.kr/data/hall/2406/20210423133220_강동.jpg,https://weddingcrowd.kr/hall/view.php?idx=678,678
더채플앳논현,서울 강남구,더채플앳논현|강남웨딩홀|논현웨딩홀|최고의웨딩|럭셔리웨딩|럭셔리앳채플|채플웨딩|뷔페가맛있는웨딩|어반포레스트웨딩|자연친화적웨딩|결혼준비,https://weddingcrowd.kr/data/hall/2406/20210421182255_14.jpg,https://weddingcrowd.kr/hall/view.php?idx=1470,1470
더채플앳웨스트,서울 강서구,더채플앳웨스트|강서구웨딩홀|채플웨딩홀|단독웨딩홀|서울채플웨딩홀|결혼준비,https://weddingcrowd.kr/data/hall/2406/20220829152834_채.jpg,https://weddingcrowd.kr/hall/view.php?idx=1250,1250
더채플앳청담,서울특별시 강남구,더채플앳청담|강남웨딩홀|청담웨딩홀|최고의웨딩|럭셔리웨딩|럭셔리앳채플|채플웨딩|뷔페가맛있는웨딩|결혼준비,https://weddingcrowd.kr/data/hall/2406/20210422172136_더채플-청담.jpg,https://weddingcrowd.kr/hall/view.php?idx=1233,1233
더컨벤션 반포점,서울 서초구,더컨벤션반포|더컨벤션|서초구웨딩홀|단독웨딩홀|컨벤션웨딩홀|결혼준비,https://weddingcrowd.kr/data/hall/2406/20210422094923_22.jpg,https://weddingcrowd.kr/hall/view.php?idx=1463,1463
더컨벤션 송파문정,서울 송파구,더컨벤션송파|더컨벤션송파문정|더컨벤션|송파구웨딩홀|컨벤션웨딩홀|서울웨딩홀|결혼준비,https://weddingcrowd.kr/data/hall/2406/20210422095002_23.jpg,https://weddingcrowd.kr/hall/view.php?idx=1462,1462
더컨벤션 영등포점,서울 영등포구,더컨벤션영등포|더컨벤션|영등포인기웨딩홀|단독웨딩홀|컨벤션웨딩홀|뷔페가맛잇는웨딩홀|결혼준비,https://weddingcrowd.kr/data/hall/2406/20210422100756_37.jpg,https://weddingcrowd.kr/hall/view.php?idx=1445,1445
더컨벤션 잠실점,서울 송파구,더컨벤션잠실|더컨벤션|잠실웨딩홀|송파구웨딩홀|컨벤션웨딩홀|결혼준비,https://weddingcrowd.kr/data/hall/2406/20210422095050_24.jpg,https://weddingcrowd.kr/hall/view.php?idx=1461,1461
더케이스타웨딩,서울 양천구,더케이스타웨딩|목동웨딩홀|양천구웨딩홀|호텔식웨딩|강서구웨딩홀|결혼준비,https://weddingcrowd.kr/data/hall/2406/20220503152231_DSC_8653.JPG,https://weddingcrowd.kr/hall/view.php?idx=1450,1450
더케이웨딩컨벤션 수원,경기 수원시,,https://weddingcrowd.kr/data/hall/2409/20240924053144_502742_썸네일.jpg,https://weddingcrowd.kr/hall/view.php?idx=1735,1735
더클래스청담,서울 강남구,더클래스청담|강남추천웨딩홀|하우스웨딩|청담웨딩홀|서울웨딩홀|소규모웨딩홀|결혼준비,https://weddingcrowd.kr/data/hall/2406/20210422173003_더클래스-청담.jpg,https://weddingcrowd.kr/hall/view.php?idx=1230,1230
더테라스,경기도 고양시,더테라스|야외웨딩홀|채플웨딩홀|고양웨딩홀|루프탑가든웨딩|레스토랑웨딩홀|결혼준비,https://weddingcrowd.kr/data/hall/2406/20210115174229_4 (실내예식홀1) 지정.jpg,https://weddingcrowd.kr/hall/view.php?idx=602,602
더파티움 여의도,서울 영등포구,더파티움여의도|여의도웨딩홀|신상웨딩홀|컨벤션|영등포구웨딩홀|신규웨딩홀|인기웨딩홀|예쁜웨딩홀|하우스웨딩홀|결혼준비,https://weddingcrowd.kr/data/hall/2406/20210421173425_파티움.jpg,https://weddingcrowd.kr/hall/view.php?idx=1489,1489
더파티하우스in판교,경기 성남시,더파티하우스판교|판교스몰웨딩|판교하우스웨딩|단독뷔페|판교웨딩홀|결혼준비,https://weddingcrowd.kr/data/hall/2406/20210421182108_12.jpg,https://weddingcrowd.kr/hall/view.php?idx=1472,1472
더포레천안,충남 천안시,,https://weddingcrowd.kr/data/hall/2408/20240809045810_370016_썸네일.jpg,https://weddingcrowd.kr/hall/view.php?idx=1681,1681
더플라자,서울특별시 중구,더플라자|서울플라자호텔|호텔웨딩홀|서울인기웨딩홀|하우스웨딩|웨딩홀추천|중구웨딩홀|결혼준비,https://weddingcrowd.kr/data/hall/2406/20210422135009_84.jpg,https://weddingcrowd.kr/hall/view.php?idx=694,694
더휴웨딩홀,서울특별시 강남구,더휴웨딩홀|채플웨딩홀|강남추천웨딩홀|서울신축웨딩홀|깔끔한웨딩홀|결혼준비,https://weddingcrowd.kr/data/hall/2406/20210422125921_69.jpg,https://weddingcrowd.kr/hall/view.php?idx=879,879
동대전 컨벤션웨딩홀,대전 동구,,https://weddingcrowd.kr/data/hall/2406/20220928182328_동대전.jpg,https://weddingcrowd.kr/hall/view.php?idx=1089,1089
동두천컨벤션웨딩홀,경기 동두천시,동두천컨벤션웨딩홀|동두천웨딩홀|컨벤션웨딩홀|웨딩홀추천|결혼준비,https://weddingcrowd.kr/data/hall/2406/20220719140342_동2.jpg,https://weddingcrowd.kr/hall/view.php?idx=280,280
동문예식장,충남 태안군,,https://weddingcrowd.kr/data/hall/2408/20240819033402_131069_썸네일.jpg,https://weddingcrowd.kr/hall/view.php?idx=1698,1698
동서울 웨드빌,경기 성남시,동서울웨드빌|웨드빌|컨벤션웨딩홀|단독웨딩홀|성남웨딩홀|송파웨딩홀|추천웨딩홀|결혼준비,https://weddingcrowd.kr/data/hall/2406/20210422182409_웨드빌.jpg,https://weddingcrowd.kr/hall/view.php?idx=956,956
동해 보양온천컨벤션호텔,강원 동해시,,https://weddingcrowd.kr/data/hall/2406/20220928170201_1.jpg,https://weddingcrowd.kr/hall/view.php?idx=627,627
드레스가든,서울 강남구,드레스가든|돔웨딩홀|색다른웨딩홀|청담동웨딩홀|단독웨딩홀|결혼준비,https://weddingcrowd.kr/data/hall/2406/20210422171835_드레스.jpg,https://weddingcrowd.kr/hall/view.php?idx=1237,1237
디노체웨딩홀,서울 성동구,디노체웨딩홀|디노체컨벤션|컨벤션웨딩홀|왕십리웨딩홀|한정식웨딩홀|결혼준비,https://weddingcrowd.kr/data/hall/2406/20210423165438_1-10.jpg,https://weddingcrowd.kr/hall/view.php?idx=388,388
디에스컨벤션,경기도 수원시,디에스컨벤션|생화느낌웨딩홀|수원웨딩홀|단독웨딩홀|자연친화적웨딩홀|결혼준비,https://weddingcrowd.kr/data/hall/2406/20210423140441_디에스.jpg,https://weddingcrowd.kr/hall/view.php?idx=634,634
디오컨벤션,경기 안산시,디오컨벤션|안산추천웨딩홀|천고가높은웨딩홀|단독웨딩홀|채플웨딩|뷔페가맛있는웨딩홀|결혼준비,https://weddingcrowd.kr/data/hall/2406/20220718165046_Untitled-1.jpg,https://weddingcrowd.kr/hall/view.php?idx=739,739
디오컨벤션웨딩( 구.무궁화웨딩홀),충북 제천시,,https://weddingcrowd.kr/data/hall/2406/20220928112803_디오5.jpg,https://weddingcrowd.kr/hall/view.php?idx=1023,1023
라까사호텔 웨딩,서울 강남구,,https://weddingcrowd.kr/data/hall/2509/20250923033153_296026_썸네일.jpg,https://weddingcrowd.kr/hall/view.php?idx=1752,1752
라도무스아트센터웨딩홀,대전 유성구,,https://weddingcrowd.kr/data/hall/2407/20240725051247_696431_썸네일.jpg,https://weddingcrowd.kr/hall/view.php?idx=1655,1655
라마다대전웨딩연회,대전 유성구,,https://weddingcrowd.kr/data/hall/2407/20240730051835_880164_썸네일.jpg,https://weddingcrowd.kr/hall/view.php?idx=1666,1666
라마다서울신도림호텔,서울 구로구,라마다신도림|라마다서울|호텔웨딩홀|구로구웨딩홀|서울웨딩홀|럭셔리웨딩홀|결혼준비,https://weddingcrowd.kr/data/hall/2406/20210422105723_51.jpg,https://weddingcrowd.kr/hall/view.php?idx=1393,1393
라마다송도호텔,인천광역시 연수구,라마다송도호텔|송도라마다|호텔웨딩홀|시어터웨딩|이벤트웨딩|하우스웨딩|다양한웨딩스타일|결혼준비,https://weddingcrowd.kr/data/hall/2406/20220826155916_라마다4.jpg,https://weddingcrowd.kr/hall/view.php?idx=457,457
라마다프라자 수원웨딩,경기 수원시,라마다프라자수원|라마다프라자|수원추천웨딩홀|인계동웨딩홀|소규모웨딩홀|하우스웨딩|결혼준비,https://weddingcrowd.kr/data/hall/2406/20210423131254_라마다프라자-수원.jpg,https://weddingcrowd.kr/hall/view.php?idx=716,716
라마다프라자 제주호텔,제주 제주시,,https://weddingcrowd.kr/data/hall/2406/20220926172230_1.jpg,https://weddingcrowd.kr/hall/view.php?idx=1091,1091
라마다프라자광주호텔,광주 서구,,https://weddingcrowd.kr/data/hall/2406/20221014154649_라광.jpg,https://weddingcrowd.kr/hall/view.php?idx=855,855
라미컨벤션웨딩,대전 유성구,,https://weddingcrowd.kr/data/hall/2407/20240730044105_552567_썸네일.jpg,https://weddingcrowd.kr/hall/view.php?idx=1662,1662
라비니움 (구.이스턴베니비스),서울특별시 송파구,이스턴베니비스|송파구인기웨딩홀|호텔웨딩홀|하우스웨딩홀|잠실웨딩홀|드라마틱한예식|넓은웨딩홀|결혼준비,https://weddingcrowd.kr/data/hall/2406/20220720165944_이2.jpg,https://weddingcrowd.kr/hall/view.php?idx=66,66
라비돌리조트,경기 화성시,라비돌리조트|야외웨딩|화성웨딩홀|하우스웨딩|프라이빗한웨딩홀|가든웨딩|결혼준비,https://weddingcrowd.kr/data/hall/2406/20220826162720_라비돌3.jpg,https://weddingcrowd.kr/hall/view.php?idx=979,979
라비앙루미,경기 고양시,,https://weddingcrowd.kr/data/hall/2603/20260312012509_504976_썸네일.jpg,https://weddingcrowd.kr/hall/view.php?idx=1755,1755
라비에벨웨딩 (구. 노블리안웨딩컨벤션),경기 부천시,라비에벨웨딩|부천웨딩홀|단독홀추천|인기웨딩홀|결혼준비,"https://weddingcrowd.kr/data/hall/2406/20210422181546_라비에벨웨딩_구,노블리안웨딩컨벤션.jpg",https://weddingcrowd.kr/hall/view.php?idx=328,328
라비에벨웨딩홀 대전,대전 서구,,https://weddingcrowd.kr/data/hall/2407/20240730011253_879042_썸네일.jpg,https://weddingcrowd.kr/hall/view.php?idx=1656,1656
라온웨딩홀,충남 청양군,,https://weddingcrowd.kr/data/hall/2408/20240814044410_973025_썸네일.jpg,https://weddingcrowd.kr/hall/view.php?idx=1690,1690
라온제나 강남(구 S컨벤션),서울특별시 강남구,라온제나강남|S컨벤션|강남인기웨딩홀|논현동웨딩홀|컨벤션웨딩홀|역세권웨딩홀|결혼준비,https://weddingcrowd.kr/data/hall/2409/20240912042905_465331_썸네일.jpg,https://weddingcrowd.kr/hall/view.php?idx=429,429
"라온제나 분당 (구,새천년,메종드베르)",성남시 분당구,메종드베르|새천년컨벤션|시어터웨딩|컨벤션웨딩|성남웨딩홀|결혼준비,https://weddingcrowd.kr/data/hall/2407/20240712024754_587580_웨딩홀3.jpg,https://weddingcrowd.kr/hall/view.php?idx=89,89
라움아트센터,서울시 강남구,더라움|유럽풍웨딩홀|강남추천웨딩홀|서울웨딩홀|채플웨딩홀|컨벤션웨딩홀|야외웨딩홀|결혼준비,https://weddingcrowd.kr/data/hall/2406/20210422094523_더라움.jpg,https://weddingcrowd.kr/hall/view.php?idx=3,3
라페니체웨딩홀,인천 부평구,라페니체|L클래스웨딩홀|부평구추천웨딩홀|인천웨딩홀|단독웨딩홀|씨어터웨딩|주례없는예식|결혼준비,https://weddingcrowd.kr/data/hall/2406/20220826164602_라페2.jpg,https://weddingcrowd.kr/hall/view.php?idx=500,500
라페스타웨딩컨벤션,광주 서구,,https://weddingcrowd.kr/data/hall/2406/20221014155208_라페.jpg,https://weddingcrowd.kr/hall/view.php?idx=1274,1274
라포르테웨딩홀,대전 서구,대전웨딩홀|대전예식장|대전결혼식|대전웨딩|대전결혼식장,https://weddingcrowd.kr/data/hall/2407/20240730012148_900297_썸네일.jpg,https://weddingcrowd.kr/hall/view.php?idx=1657,1657
라플레이스,서울특별시 강남구,라플레이스|소규모웨딩홀|하우스웨딩|강남웨딩홀|프라이빗한웨딩|스몰웨딩|결혼준비,https://weddingcrowd.kr/data/hall/2406/20210423174915_라플.jpg,https://weddingcrowd.kr/hall/view.php?idx=1386,1386
레노스블랑쉬,서울 성동구,레노스블랑쉬|결혼준비|웨딩홀투어|결혼|결혼식|서울웨딩홀|웨딩홀추척|왕십리웨딩홀|스몰웨딩|성동구웨딩홀|단독홀|예신|예랑|웨딩스타그램|웨딩홀|예비부부|신랑신부|예식장|결혼준비,https://weddingcrowd.kr/data/hall/2406/20210422095951_31.jpg,https://weddingcrowd.kr/hall/view.php?idx=1453,1453
레이크힐스 리조트 안성,경기 안성시,레이크힐스안성|레이크힐스리조트|안성웨딩홀|야외웨딩|고품격웨딩|결혼준비,https://weddingcrowd.kr/data/hall/2406/20210422181658_레이크힐-안성.jpg,https://weddingcrowd.kr/hall/view.php?idx=966,966
로얄파크컨벤션,서울 용산구,,https://weddingcrowd.kr/data/hall/2407/20240724061507_542910_썸네일.jpg,https://weddingcrowd.kr/hall/view.php?idx=1642,1642
로프트가든344,서울특별시 양천구,로프트가든344|하우스웨딩홀|양천구인기웨딩홀|서울추천웨딩홀|서울웨딩홀|결혼준비,https://weddingcrowd.kr/data/hall/2406/20210916163423_01.jpg,https://weddingcrowd.kr/hall/view.php?idx=115,115
롤링힐스 호텔,경기 화성시,,https://weddingcrowd.kr/data/hall/2406/20210915141611_01.jpg,https://weddingcrowd.kr/hall/view.php?idx=1494,1494
롯데시티호텔대전웨딩홀,대전 유성구,,https://weddingcrowd.kr/data/hall/2407/20240730045124_983405_썸네일.jpg,https://weddingcrowd.kr/hall/view.php?idx=1663,1663
롯데호텔웨딩 소공점,서울 중구,롯데호텔웨딩소공점|롯데호텔웨딩|중구웨딩홀|호텔웨딩홀|초대형연회장|소규모웨딩|프라이빗웨딩|결혼준비,https://weddingcrowd.kr/data/hall/2406/20210423171044_롯데.jpg,https://weddingcrowd.kr/hall/view.php?idx=370,370
롯데호텔웨딩 잠실점,서울특별시 송파구,롯데호텔웨딩잠실|롯데호텔웨딩|송파추천웨딩홀|서울웨딩홀|호텔웨딩홀|파티웨딩|결혼준비,https://weddingcrowd.kr/data/hall/2406/20210422095829_롯데호텔웨딩 잠실점.jpg,https://weddingcrowd.kr/hall/view.php?idx=32,32
루나드블랑,경기 성남시,루나드블랑|하우스웨딩홀|스몰웨딩홀|루프탑웨딩|파티웨딩|성남웨딩홀|결혼준비,https://weddingcrowd.kr/data/hall/2406/20210421180933_05.jpg,https://weddingcrowd.kr/hall/view.php?idx=1479,1479
루벨,서울 강동구,루벨|강동루벨|강동웨딩홀|송파웨딩홀|인기웨딩홀|프렌치가든웨딩|뷔페가맛있는웨딩홀|교통이편한웨딩홀|환상적인파노라마뷰웨딩홀|결혼준비,https://weddingcrowd.kr/data/hall/2406/20210422094641_19.jpg,https://weddingcrowd.kr/hall/view.php?idx=1466,1466
루이비스 컨벤션 강서,서울 강서구,단독홀|루이비스|자연광,https://weddingcrowd.kr/data/hall/2507/20250707044846_630034_썸네일.jpg,https://weddingcrowd.kr/hall/view.php?idx=1747,1747
루이비스컨벤션 대전점,대전 유성구,,https://weddingcrowd.kr/data/hall/2407/20240725045630_914731_썸네일.jpg,https://weddingcrowd.kr/hall/view.php?idx=1653,1653
루클라비,경기 수원시,루클라비|수원웨딩홀|80분예식|컨벤션웨딩홀|생화웨딩|단독홀|결혼준비,https://weddingcrowd.kr/data/hall/2406/20220829154420_루4.jpg,https://weddingcrowd.kr/hall/view.php?idx=1440,1440
르비르모어,서울 강남구,,https://weddingcrowd.kr/data/hall/2411/20241125040535_744938_썸네일.jpg,https://weddingcrowd.kr/hall/view.php?idx=1738,1738
리움하우스웨딩,인천 중구,,https://weddingcrowd.kr/data/hall/2409/20240904111600_628235_썸네일.jpg,https://weddingcrowd.kr/hall/view.php?idx=1725,1725
리첸시아웨딩컨벤션,충남 홍성군,,https://weddingcrowd.kr/data/hall/2408/20240819033114_398219_썸네일.jpg,https://weddingcrowd.kr/hall/view.php?idx=1696,1696
마리드블랑,서울 강남구,마리드블랑|강남구웨딩홀|서울인기웨딩홀|단독웨딩홀|한상차림웨딩홀|결혼준비,https://weddingcrowd.kr/data/hall/2406/20220720181349_마1.jpg,https://weddingcrowd.kr/hall/view.php?idx=1286,1286
마리드엘웨딩,대전 서구,,https://weddingcrowd.kr/data/hall/2407/20240730020244_725217_썸네일.jpg,https://weddingcrowd.kr/hall/view.php?idx=1660,1660
마이어스수원점,경기도 수원시,마이어스뷔페|마이어스웨딩|수원웨딩홀|파티웨딩|레스토랑웨딩홀|결혼준비,https://weddingcrowd.kr/data/hall/2406/20210423103944_마이어스.jpg,https://weddingcrowd.kr/hall/view.php?idx=892,892
메리다웨딩컨벤션,충북 청주시,,https://weddingcrowd.kr/data/hall/2408/20240823044019_436935_썸네일.jpg,https://weddingcrowd.kr/hall/view.php?idx=1707,1707
메리비아포레웨딩홀,대전 서구,,https://weddingcrowd.kr/data/hall/2407/20240730014025_493403_썸네일.jpg,https://weddingcrowd.kr/hall/view.php?idx=1659,1659
메리빌리아,인천 연수구,,https://weddingcrowd.kr/data/hall/2408/20240829025207_257014_썸네일.jpg,https://weddingcrowd.kr/hall/view.php?idx=1718,1718
메모리스클래식,서울 관악구,메모리스클래식|관악구추천웨딩홀|한정식웨딩홀|컨벤션웨딩홀|서울웨딩홀|결혼준비,https://weddingcrowd.kr/data/hall/2406/20210423163549_메모리스.jpg,https://weddingcrowd.kr/hall/view.php?idx=406,406
메이다이닝,서울 도봉구,메이다이닝|야외웨딩홀|도봉구웨딩홀|가든웨딩홀|서울웨딩홀|결혼준비,https://weddingcrowd.kr/data/hall/2406/20210421181338_08.jpg,https://weddingcrowd.kr/hall/view.php?idx=1476,1476
메이필드호텔,서울 강서구,메이필드호텔|유럽풍웨딩홀|야외웨딩|가든웨딩|강서구인기웨딩홀|전통예식|서울웨딩홀|결혼준비,https://weddingcrowd.kr/data/hall/2406/20210423162414_메이필드.jpg,https://weddingcrowd.kr/hall/view.php?idx=421,421
메종드보네르웨딩홀,대전 서구,,https://weddingcrowd.kr/data/hall/2407/20240725050557_643943_썸네일.jpg,https://weddingcrowd.kr/hall/view.php?idx=1654,1654
명가 하우스웨딩홀,충북 옥천군,,https://weddingcrowd.kr/data/hall/2408/20240819044102_623687_명가하우스썸네일.jpg,https://weddingcrowd.kr/hall/view.php?idx=1021,1021
명가컨벤션웨딩홀,경기 안양시,명가컨벤션웨딩홀|안양웨딩홀|소규모웨딩홀|컨벤션웨딩홀|결혼준비,https://weddingcrowd.kr/data/hall/2406/20210422182007_명가컨벤션웨딩홀.jpg,https://weddingcrowd.kr/hall/view.php?idx=342,342
명성유유웨딩홀,충북 제천시,,https://weddingcrowd.kr/data/hall/2406/20220928112059_유유33.jpg,https://weddingcrowd.kr/hall/view.php?idx=1026,1026
명품웨딩프로포즈웨딩,서울 구로구,명품웨딩프로포즈웨딩|구로구인기웨딩홀|단독웨딩홀|교통이편한웨딩홀|서울웨딩홀|결혼준비,https://weddingcrowd.kr/data/hall/2406/20210422165804_명품웨딩프로포즈웨딩.jpg,https://weddingcrowd.kr/hall/view.php?idx=269,269
모나밸리,충남 아산시,,https://weddingcrowd.kr/data/hall/2408/20240809045141_732925_썸네일.jpg,https://weddingcrowd.kr/hall/view.php?idx=1680,1680
모드니웨딩홀,경기 평택시,모드니웨딩홀|평택웨딩홀|컨벤션웨딩홀|결혼준비,https://weddingcrowd.kr/data/hall/2406/20210422140203_모드니웨딩홀.jpg,https://weddingcrowd.kr/hall/view.php?idx=158,158
"모든날,Wedding",충북 청주시,,https://weddingcrowd.kr/data/hall/2408/20240823044750_906819_썸네일.jpg,https://weddingcrowd.kr/hall/view.php?idx=1710,1710
목화부페웨딩홀,경기 양평군,목화부페웨딩홀|양평웨딩홀|뷔페웨딩홀|역세권웨딩홀|결혼준비,https://weddingcrowd.kr/data/hall/2406/20210422183137_목화부페웨딩홀.jpg,https://weddingcrowd.kr/hall/view.php?idx=364,364
몬드리안 서울 이태원,서울 용산구,몬드리안서울이태원|몬드리안호텔|이태원웨딩홀|용산구웨딩홀|호텔웨딩홀|소규모웨딩|가든웨딩|그랜드볼룸웨딩|야외웨딩|풀사이드웨딩|결혼준비,https://weddingcrowd.kr/data/hall/2406/20210421182550_01.jpg,https://weddingcrowd.kr/hall/view.php?idx=1469,1469
"무등파크호텔,광주파크호텔",광주 동구,,https://weddingcrowd.kr/data/hall/2406/20221014160347_무등.jpg,https://weddingcrowd.kr/hall/view.php?idx=684,684
무주드림연수원 웨딩,전북특별자치도 무주군,,https://weddingcrowd.kr/data/hall/2511/20251128033415_938060_썸네일.jpg,https://weddingcrowd.kr/hall/view.php?idx=1754,1754
문수 월드컵 컨벤션 웨딩홀,울산 남구,,https://weddingcrowd.kr/data/hall/2406/20221017174903_문수9.jpg,https://weddingcrowd.kr/hall/view.php?idx=903,903
문화컨벤션웨딩홀,경기 광주시,문화컨벤션웨딩홀|경기광주웨딩홀|단독웨딩홀|밝은웨딩홀|결혼준비,https://weddingcrowd.kr/data/hall/2406/20210422132011_문화컨벤션웨딩홀2.jpg,https://weddingcrowd.kr/hall/view.php?idx=136,136
미란다호텔,경기 이천시,미란다호텔|이천웨딩홀|호텔웨딩홀|밝은웨딩홀|결혼준비,https://weddingcrowd.kr/data/hall/2406/20210422095701_미란다호텔.jpg,https://weddingcrowd.kr/hall/view.php?idx=26,26
밀레니엄 서울 힐튼,서울 중구,밀레니엄서울힐튼|호텔웨딩홀|중구인기웨딩홀|서울웨딩홀|가든웨딩|채플웨딩|결혼준비,https://weddingcrowd.kr/data/hall/2406/20210422135703_85.jpg,https://weddingcrowd.kr/hall/view.php?idx=670,670
밀리토피아호텔,경기 성남시,밀리토피아호텔|호텔웨딩홀|채플웨딩|성남웨딩홀|결혼준비,https://weddingcrowd.kr/data/hall/2406/20210423174502_밀리토.jpg,https://weddingcrowd.kr/hall/view.php?idx=1394,1394
발리드메,경기 안양시,발리드메|안양웨딩홀|평촌웨딩홀|범계웨딩홀|경기도웨딩홀|인기웨딩홀|채플웨딩|뷔페가맛있는웨딩홀|교통이편한웨딩홀|결혼준비,https://weddingcrowd.kr/data/hall/2406/20210422094243_18.jpg,https://weddingcrowd.kr/hall/view.php?idx=1467,1467
발리컨벤션센터,충북 청주시,,https://weddingcrowd.kr/data/hall/2406/20220928134043_발리1.jpg,https://weddingcrowd.kr/hall/view.php?idx=723,723
발리하우스,경기 파주시,발리하우스|채플웨딩홀|야외웨딩홀|파주웨딩홀|하우스웨딩홀|결혼준비,https://weddingcrowd.kr/data/hall/2406/20210422104831_발리하우스.jpg,https://weddingcrowd.kr/hall/view.php?idx=96,96
뱅커스클럽 바이 반얀트리,서울특별시 중구,뱅커스클럽|서울인기웨딩홀|중구웨딩홀|단독웨딩홀|레스토랑웨딩홀|결혼준비,https://weddingcrowd.kr/data/hall/2406/20210902110610_01.jpg,https://weddingcrowd.kr/hall/view.php?idx=176,176
베네치아웨딩부페,경기 고양시,,https://weddingcrowd.kr/data/hall/2408/20240820045115_855238_썸네일.jpg,https://weddingcrowd.kr/hall/view.php?idx=1699,1699
베뉴비안(백악관웨딩문화원),서울 영등포구,,https://weddingcrowd.kr/data/hall/2407/20240725043117_709273_썸네일.jpg,https://weddingcrowd.kr/hall/view.php?idx=1651,1651
베니키아프리미어호텔동대문,서울 종로구,베니키아프리미어호텔|종로웨딩홀|호텔웨딩홀|동대문웨딩홀|결혼준비,https://weddingcrowd.kr/data/hall/2406/20210422123441_62.jpg,https://weddingcrowd.kr/hall/view.php?idx=1377,1377
베리컨벤션,충남 천안시,,https://weddingcrowd.kr/data/hall/2408/20240813042013_142836_썸네일.jpg,https://weddingcrowd.kr/hall/view.php?idx=1684,1684
베스트웨스턴 인천 로얄호텔,인천 남동구,베스트웨스턴인천|인천호텔웨딩홀|호텔웨딩홀|남동구웨딩홀|인천웨딩홀|결혼준비,https://weddingcrowd.kr/data/hall/2406/20210422162211_베스트로얄-인천.jpg,https://weddingcrowd.kr/hall/view.php?idx=1458,1458
베스트웨스턴프리미어 강남호텔,서울 강남구,베스트웨스턴프리미어강남|강남호텔웨딩홀|호텔웨딩홀|스몰웨딩|하우스웨딩|애프터웨딩|강남웨딩홀|서울웨딩홀|결혼준비,https://weddingcrowd.kr/data/hall/2406/20210422131608_베스트웨스턴프리미어 강남호텔.jpg,https://weddingcrowd.kr/hall/view.php?idx=137,137
벨라루체 서울,서울 동대문구,,https://weddingcrowd.kr/data/hall/2412/20241213042006_331302_썸네일.jpg,https://weddingcrowd.kr/hall/view.php?idx=1742,1742
벨라마리에,경기 용인시,벨라마리에|용인추천웨딩홀|하우스웨딩|파티웨딩|추천웨딩홀|결혼준비,https://weddingcrowd.kr/data/hall/2406/20210422110150_52.jpg,https://weddingcrowd.kr/hall/view.php?idx=1392,1392
벨라지오,경기 성남시,벨라지오웨딩홀|뮤지컬웨딩|성남웨딩홀|컨벤션웨딩홀|결혼준비,https://weddingcrowd.kr/data/hall/2406/20210423173825_벨라.jpg,https://weddingcrowd.kr/hall/view.php?idx=1404,1404
벨마리에(구.프라임웨딩홀),경기 부천시,벨마리에|프라임웨딩홀|부천웨딩홀|씨어터웨딩|천고가높은웨딩홀|결혼준비,https://weddingcrowd.kr/data/hall/2406/20210423144224_벨마리에.jpg,https://weddingcrowd.kr/hall/view.php?idx=577,577
보광휘닉스파크,강원 평창군,,https://weddingcrowd.kr/data/hall/2406/20221012165429_1.jpg,https://weddingcrowd.kr/hall/view.php?idx=1109,1109
보넬리가든,서울 서초구,,https://weddingcrowd.kr/data/hall/2412/20241210030232_140985_썸네일.jpg,https://weddingcrowd.kr/hall/view.php?idx=1740,1740
보타닉파크웨딩,서울 강서구,보타닉파크웨딩|강서구웨딩홀|교통이편리한웨딩홀|컨벤션웨딩홀|하우스웨딩|채플웨딩|결혼준비,https://weddingcrowd.kr/data/hall/2409/20240912045959_171197_썸네일.jpg,https://weddingcrowd.kr/hall/view.php?idx=1405,1405
보테가 마지오,서울특별시 성동구,보테가마지오|서울숲웨딩홀|성동구웨딩홀|채플웨딩홀|서울인기웨딩홀|결혼준비,https://weddingcrowd.kr/data/hall/2406/20210422172307_보테.jpg,https://weddingcrowd.kr/hall/view.php?idx=1232,1232
봉쥬르가든,경기 남양주시,,https://weddingcrowd.kr/data/hall/2511/20251128032321_769774_썸네일.jpg,https://weddingcrowd.kr/hall/view.php?idx=1753,1753
부천 S컨벤션웨딩홀,경기 부천시,부천S컨벤션웨딩홀|부천인기웨딩홀|컨벤션웨딩홀|가든웨딩|결혼준비,https://weddingcrowd.kr/data/hall/2406/20220830142623_부천1.jpg,https://weddingcrowd.kr/hall/view.php?idx=334,334
부천채림웨딩홀,부천시 원미구,부천채림웨딩홀|교통이편리한웨딩홀|부천추천웨딩홀|단독웨딩홀|컨벤션웨딩홀|결혼준비,https://weddingcrowd.kr/data/hall/2510/20251017103915_560994_썸네일.jpg,https://weddingcrowd.kr/hall/view.php?idx=655,655
브라이드밸리,서울 강남구,브라이드밸리|실물이더예쁜웨딩홀|강남구웨딩홀|양재웨딩홀|밥맛있는웨딩홀|강남인기웨딩홀|대리석버진로드|긴버진로드|단독홀예식장|깔끔한웨딩홀|교통좋은웨딩홀|역세권웨딩홀|결혼준비,https://weddingcrowd.kr/data/hall/2406/20210422095252_26.jpg,https://weddingcrowd.kr/hall/view.php?idx=1459,1459
브라이튼하우스웨딩,서울 용산구,,https://weddingcrowd.kr/data/hall/2407/20240724062548_347658_썸네일.jpg,https://weddingcrowd.kr/hall/view.php?idx=1644,1644
브이아이피웨딩홀,충남 공주시,,https://weddingcrowd.kr/data/hall/2408/20240813043607_675157_썸네일.jpg,https://weddingcrowd.kr/hall/view.php?idx=1687,1687
블리스 웨딩컨벤션,서울특별시 강서구,블리스웨딩컨벤션|천고높은웨딩홀|역세권웨딩홀|발산역웨딩홀|강서구인기웨딩홀|컨벤션웨딩홀|하우스웨딩|결혼준비,https://weddingcrowd.kr/data/hall/2406/20210422150617_104.jpg,https://weddingcrowd.kr/hall/view.php?idx=558,558
비렌티 웨딩홀 & 뷔페 (구.드라마웨딩홀),충남 천안시,,https://weddingcrowd.kr/data/hall/2406/20220927180946_비9.jpg,https://weddingcrowd.kr/hall/view.php?idx=483,483
빌라드70,충남 아산시,,https://weddingcrowd.kr/data/hall/2408/20240809044148_765637_썸네일.jpg,https://weddingcrowd.kr/hall/view.php?idx=1679,1679
빌라드로체,강원 강릉시,,https://weddingcrowd.kr/data/hall/2406/20220928173545_1.jpg,https://weddingcrowd.kr/hall/view.php?idx=680,680
빌라드마리,인천광역시 부평구,빌라드마리|부평채원웨딩홀|부평구인기웨딩홀|씨어터웨딩|주례없는예식|색다른예식|결혼준비,"https://weddingcrowd.kr/data/hall/2406/20210422153529_빌라드마리_구,부평채원웨딩홀.jpg",https://weddingcrowd.kr/hall/view.php?idx=235,235
빌라드알티오라 (구.둔산사학연금 웨딩홀),대전 서구,,https://weddingcrowd.kr/data/hall/2406/20220929173247_빌라드5.jpg,https://weddingcrowd.kr/hall/view.php?idx=1065,1065
빌라드지디 안산,경기 안산시,,https://weddingcrowd.kr/data/hall/2408/20240808013907_523756_썸네일.jpg,https://weddingcrowd.kr/hall/view.php?idx=1668,1668
빌라드지디안양,경기 안양시,,https://weddingcrowd.kr/data/hall/2408/20240821045017_814743_썸네일.jpg,https://weddingcrowd.kr/hall/view.php?idx=1703,1703
빌링스 하우스 웨딩홀,경기 성남시,빌링스하우스웨딩홀|성남웨딩홀|야외웨딩홀|하우스웨딩홀|스몰웨딩|단독대관웨딩홀|결혼준비,https://weddingcrowd.kr/data/hall/2406/20210421182036_11.jpg,https://weddingcrowd.kr/hall/view.php?idx=1473,1473
삼산월드컨벤션센터,인천광역시 부평구,삼산월드컨벤션|부평구웨딩홀|호텔식단독웨딩홀|어두운웨딩홀|뷔페웨딩홀|결혼준비,https://weddingcrowd.kr/data/hall/2406/20210422164626_삼삼원드컨번션.jpg,https://weddingcrowd.kr/hall/view.php?idx=254,254
삼성서초사옥,서울 서초구,삼성서초사옥|강남역웨딩홀|삼성웨딩홀|넓은웨딩홀|주례없는예식|결혼준비,https://weddingcrowd.kr/data/hall/2406/20210423131104_삼성.jpg,https://weddingcrowd.kr/hall/view.php?idx=717,717
삼청각,서울특별시 성북구,삼청각|한옥웨딩홀|성북구웨딩홀|하우스웨딩홀|한정식웨딩홀|자연경관웨딩홀|결혼준비,https://weddingcrowd.kr/data/hall/2406/20210423163101_삼청각.jpg,https://weddingcrowd.kr/hall/view.php?idx=410,410
샤펠드미앙,인천 남동구,샤펠드미앙|채플웨딩홀|인천인기웨딩홀|유러피안웨딩홀|단독웨딩홀|뷔페웨딩홀|결혼준비,https://weddingcrowd.kr/data/hall/2406/20210423102142_샤펠.jpg,https://weddingcrowd.kr/hall/view.php?idx=916,916
샹젤리제웨딩홀,대전 서구,,https://weddingcrowd.kr/data/hall/2406/20220929173652_샹1.jpg,https://weddingcrowd.kr/hall/view.php?idx=1069,1069
서강8경 하우스웨딩홀,서울 마포구,서강8경웨딩홀|마포구웨딩홀|레스토랑웨딩홀|하우스웨딩홀|여유로운예식|한강이보이는웨딩홀|결혼준비,https://weddingcrowd.kr/data/hall/2406/20210422135152_서강8경 하우스웨딩홀1.jpg,https://weddingcrowd.kr/hall/view.php?idx=116,116
서강대학교 동문회관 웨딩홀(구.서강대학교동문회관/서강프라자),서울 마포구,서강대학교웨딩홀|서강대학교동문회관|마포구웨딩홀|화이트톤웨딩홀|뷔페웨딩홀|결혼준비,https://weddingcrowd.kr/data/hall/2406/20210422130544_서강대학교 동문회관 웨딩홀.jpg,https://weddingcrowd.kr/hall/view.php?idx=142,142
서계종택,경기 의정부시,서계종택|서계박세당|한옥웨딩|야외웨딩|대규모웨딩홀|의정부웨딩홀|전통혼례|결혼준비,https://weddingcrowd.kr/data/hall/2406/20210421181258_07.jpg,https://weddingcrowd.kr/hall/view.php?idx=1477,1477
서울가든호텔웨딩,서울특별시 마포구,베스트웨스턴프리미어서울|서울호텔웨딩홀|가든호텔|마포구웨딩홀|서울웨딩홀|호텔웨딩홀|대규모웨딩홀|결혼준비,https://weddingcrowd.kr/data/hall/2406/20210422132412_베스트웨스턴프리미어 서울가든호텔.jpg,https://weddingcrowd.kr/hall/view.php?idx=135,135
서울대연구공원웨딩홀,서울 관악구,서울대연구공원웨딩홀|서울대예식장|연구공원웨딩홀|관악구웨딩홀|결혼준비,https://weddingcrowd.kr/data/hall/2406/20210423163258_서울대.jpg,https://weddingcrowd.kr/hall/view.php?idx=407,407
서울마리나 (구. 마린아일랜드),서울 영등포구,서울마리나|선상웨딩|영등포웨딩홀|한강이보이는웨딩홀|색다른웨딩홀|특별한웨딩홀|결혼준비,https://weddingcrowd.kr/data/hall/2406/20210422151339_105.jpg,https://weddingcrowd.kr/hall/view.php?idx=555,555
서울법원청사웨딩홀,서울 서초구,서울법원청사|법원웨딩홀|서초구웨딩홀|단독웨딩홀|깔끔한웨딩홀|결혼준비,https://weddingcrowd.kr/data/hall/2406/20210422140205_88.jpg,https://weddingcrowd.kr/hall/view.php?idx=618,618
서울신라호텔,서울특별시 중구,서울신라호텔|중구인기웨딩홀|호텔웨딩홀|하우스웨딩|초대형웨딩홀|품격있는웨딩홀|결혼준비,https://weddingcrowd.kr/data/hall/2406/20220721153255_신2.jpg,https://weddingcrowd.kr/hall/view.php?idx=380,380
서울올림픽파크텔,서울 송파구,서울올림픽파크텔|올림픽공원웨딩홀|송파구웨딩홀|호텔웨딩|천고높은웨딩홀|결혼준비,https://weddingcrowd.kr/data/hall/2406/20210422100509_서울올림픽파크텔.jpg,https://weddingcrowd.kr/hall/view.php?idx=41,41
서울프라자웨딩홀,서울특별시 양천구,서울프라자웨딩홀|양천구인기웨딩홀|컨벤션웨딩홀|결혼준비,https://weddingcrowd.kr/data/hall/2406/20210422132538_서울프라자웨딩홀.jpg,https://weddingcrowd.kr/hall/view.php?idx=134,134
서원아트리움,경기 파주시,서원아트리움|야외가든홀|파주시웨딩홀|파티웨딩|야외웨딩|하우스웨딩|야외하우스웨딩|결혼준비,https://weddingcrowd.kr/data/hall/2406/20220829180038_서원1.jpg,https://weddingcrowd.kr/hall/view.php?idx=974,974
설악웨딩타운,충청남도 당진시,,https://weddingcrowd.kr/data/hall/2408/20240819060032_454466_대표_썸네일사이즈.jpg,https://weddingcrowd.kr/hall/view.php?idx=984,984
성균관컨벤션웨딩홀,서울특별시 종로구,성균관컨벤션웨딩홀|종로구추천웨딩홀|뮤지컬웨딩|단독웨딩홀|어두운웨딩홀|주례없는예식|이색적인웨딩|결혼준비,https://weddingcrowd.kr/data/hall/2406/20210422134424_성균관컨벤션웨딩홀.jpg,https://weddingcrowd.kr/hall/view.php?idx=151,151
세빛섬 플로팅아일랜드,서울 서초구,세빛섬플로팅아일랜드|선상웨딩홀|서초구인기웨딩홀|로맨틱한웨딩홀|천고높은웨딩홀|초대형웨딩홀|결혼준비,https://weddingcrowd.kr/data/hall/2406/20210422111244_53.jpg,https://weddingcrowd.kr/hall/view.php?idx=1389,1389
세영웨딩홀,충남 보령시,,https://weddingcrowd.kr/data/hall/2406/20220926175857_세영1.jpg,https://weddingcrowd.kr/hall/view.php?idx=989,989
세종문화회관 웨딩홀,서울 종로구,세종문화회관|종로구웨딩홀|컨벤션웨딩홀|스몰웨딩|품격있는웨딩|서울웨딩홀|결혼준비,https://weddingcrowd.kr/data/hall/2406/20210422143132_세종문화회관 웨딩홀.jpg,https://weddingcrowd.kr/hall/view.php?idx=170,170
세종호텔웨딩홀,서울 중구,세종호텔웨딩홀|중구웨딩홀|호텔웨딩홀|하우스웨딩|파티웨딩|역세권웨딩홀|명동역웨딩홀|결혼준비,https://weddingcrowd.kr/data/hall/2406/20210422155727_115.jpg,https://weddingcrowd.kr/hall/view.php?idx=449,449
센트리움웨딩홀,경기 파주시,센트리움웨딩홀|파주시웨딩홀|단독웨딩홀|야외가든웨딩홀|역세권웨딩홀|금촌역웨딩홀|결혼준비,https://weddingcrowd.kr/data/hall/2406/20210423143550_센트리움.jpg,https://weddingcrowd.kr/hall/view.php?idx=597,597
셀럽앤어셈/퓨처스타즈,서울 강남구,,https://weddingcrowd.kr/data/hall/2408/20240823050119_862326_썸네일.jpg,https://weddingcrowd.kr/hall/view.php?idx=1713,1713
셀레네하우스웨딩,충남 천안시,,https://weddingcrowd.kr/data/hall/2408/20240813040145_615760_1a92b4eaac739.png,https://weddingcrowd.kr/hall/view.php?idx=1682,1682
"소노문 양평 (구,대명리조트)",경기 양평군,소노문양평|대명리조트|양평웨딩홀|야외웨딩홀|펜션웨딩홀|야외가든웨딩홀|색다른예식장|결혼준비,https://weddingcrowd.kr/data/hall/2406/20210422181241_소노문.jpg,https://weddingcrowd.kr/hall/view.php?idx=967,967
소노캄 고양,경기 고양시,소노캄고양|고양웨딩홀|클래식웨딩홀|결혼준비,https://weddingcrowd.kr/data/hall/2406/20210422172659_소노캄.jpg,https://weddingcrowd.kr/hall/view.php?idx=1231,1231
"소노펠리체(구,서울컨벤션)",서울 강남구,소노펠리체|서울컨벤션|럭셔리웨딩|유럽풍웨딩홀|강남웨딩홀|천고높은웨딩홀|결혼준비,https://weddingcrowd.kr/data/hall/2406/20210423161959_소노펠리체.jpg,https://weddingcrowd.kr/hall/view.php?idx=428,428
소풍컨벤션웨딩부페,경기도 부천시,소풍컨벤션웨딩부페|부천웨딩홀|뷔페웨딩홀|대규모웨딩홀|역세권웨딩홀|상동역웨딩홀|결혼준비,https://weddingcrowd.kr/data/hall/2406/20220831152236_소풍-컨벤션.jpg,https://weddingcrowd.kr/hall/view.php?idx=365,365
소피텔 앰배서더 서울 매니피크웨딩,서울 송파구,,https://weddingcrowd.kr/data/hall/2409/20240923041112_118888_잠실썸.jpg,https://weddingcrowd.kr/hall/view.php?idx=1733,1733
송내컨벤션웨딩부페,경기 동두천시,송내컨벤션웨딩부페|동두천웨딩홀|뷔페웨딩홀|결혼준비,https://weddingcrowd.kr/data/hall/2406/20210422173754_송내컨벤션웨딩부페.jpg,https://weddingcrowd.kr/hall/view.php?idx=285,285
송도센트럴파크호텔웨딩,인천 연수구,,https://weddingcrowd.kr/data/hall/2408/20240829031840_521946_썸네일.jpg,https://weddingcrowd.kr/hall/view.php?idx=1722,1722
숲속웨딩공원,충북 괴산군,,https://weddingcrowd.kr/data/hall/2406/20220928154046_숲5.jpg,https://weddingcrowd.kr/hall/view.php?idx=1131,1131
쉐라톤 그랜드 워커힐,서울 광진구,쉐라톤그랜드워커힐|광진구인기웨딩홀|호텔웨딩홀|하우스웨딩|야외웨딩홀|한강배경웨딩홀|럭셔리웨딩홀|결혼준비,https://weddingcrowd.kr/data/hall/2406/20210422150547_103.jpg,https://weddingcrowd.kr/hall/view.php?idx=561,561
쉐라톤 서울 디큐브시티 호텔,서울 구로구,쉐라톤서울디큐브시티|구로구웨딩홀|호텔웨딩홀|대규모웨딩홀|럭셔리웨딩홀|결혼준비,https://weddingcrowd.kr/data/hall/2406/20210422135331_디큐브.jpg,https://weddingcrowd.kr/hall/view.php?idx=674,674
쉐라톤그랜드인천호텔,인천 연수구,쉐라톤그랜드인천호텔|인천인기웨딩홀|호텔웨딩홀|프라이빗웨딩|야외웨딩|송도배경웨딩홀|럭셔리웨딩홀|결혼준비,https://weddingcrowd.kr/data/hall/2406/20210423154645_쉐라톤그랜드.jpg,https://weddingcrowd.kr/hall/view.php?idx=473,473
슈슈몽드,서울 강남구,슈슈몽드|소규모웨딩|스몰웨딩|프라이빗|커스텀웨,https://weddingcrowd.kr/data/hall/2409/20240912043706_514824_찐.jpg,https://weddingcrowd.kr/hall/view.php?idx=1730,1730
스위스 그랜드 호텔 (구. 그랜드힐튼서울호텔),서울 서대문구,스위스그랜드호텔|서대문구호텔|호텔웨딩|채플웨딩|야외웨딩|결혼준비,"https://weddingcrowd.kr/data/hall/2406/20210422162059_스위스그랜드호텔_구,그랜드힐튼서울호텔.jpg",https://weddingcrowd.kr/hall/view.php?idx=244,244
스카이뷰섬유센터,서울특별시 강남구,스카이뷰섬유센터|강남추천웨딩홀|테헤란로웨딩홀|단독웨딩홀|럭셔리웨딩홀|컨벤션웨딩홀|결혼준비,https://weddingcrowd.kr/data/hall/2409/20240912044157_126238_썸.jpg,https://weddingcrowd.kr/hall/view.php?idx=320,320
스탠포드호텔 서울,서울특별시 마포구,스탠포드호텔|마포구웨딩홀|호텔웨딩홀|어두운웨딩홀|단독홀|소규모웨딩|결혼준비,https://weddingcrowd.kr/data/hall/2409/20240904021836_577654_썸네일.jpg,https://weddingcrowd.kr/hall/view.php?idx=715,715
시엠프레 하우스웨딩 청주오송점,충북 청주시,,https://weddingcrowd.kr/data/hall/2408/20240823044620_570238_썸네일.jpg,https://weddingcrowd.kr/hall/view.php?idx=1709,1709
시엠프레하우스웨딩 강남도산점,서울 강남구,,https://weddingcrowd.kr/data/hall/2410/20241004053026_701451_썸네일.jpg,https://weddingcrowd.kr/hall/view.php?idx=1736,1736
시크릿마벨웨딩홀,충북 청주시,,https://weddingcrowd.kr/data/hall/2406/20220928155232_시크릿.jpg,https://weddingcrowd.kr/hall/view.php?idx=1133,1133
쌍청웨딩홀,대전 동구,,https://weddingcrowd.kr/data/hall/2406/20220929174148_쌍청6.jpg,https://weddingcrowd.kr/hall/view.php?idx=1060,1060
씨어터웨딩프라하(구.프라하웨딩홀),서울 강동구,씨어터웨딩프라하|강동구웨딩홀|인기웨딩홀|하우스웨딩|채플웨딩|블랙톤웨딩홀|결혼준비,https://weddingcrowd.kr/data/hall/2406/20220902141625_씨어터.jpg,https://weddingcrowd.kr/hall/view.php?idx=397,397
씨엘드포레,대전 동구,대전야외웨딩홀,https://weddingcrowd.kr/data/hall/2407/20240730042808_662069_썸네일.jpg,https://weddingcrowd.kr/hall/view.php?idx=1661,1661
아레나파크,인천 미추홀구,아레나파크|인천축구경기장웨딩홀|인천추천웨딩홀|컨벤션웨딩홀|단독웨딩홀|시어터웨딩홀|결혼준비,https://weddingcrowd.kr/data/hall/2406/20210423102510_아레나파크.jpg,https://weddingcrowd.kr/hall/view.php?idx=913,913
아르델웨딩컨벤션,충남 서산시,,https://weddingcrowd.kr/data/hall/2408/20240814044816_562217_썸네일.jpg,https://weddingcrowd.kr/hall/view.php?idx=1691,1691
아르떼 웨딩컨벤션,충북 청주시,,https://weddingcrowd.kr/data/hall/2408/20240823045226_877801_썸네일.jpg,https://weddingcrowd.kr/hall/view.php?idx=1711,1711
아르떼채플컨벤션,경기 안양시,아르떼채플컨벤션|안양웨딩홀|채플웨딩홀|컨벤션웨딩홀|고품격웨딩|결혼준비,https://weddingcrowd.kr/data/hall/2406/20220812170539_알뗴3.jpg,https://weddingcrowd.kr/hall/view.php?idx=1378,1378
아르베웨딩,서울특별시 강남구,강남추천웨딩홀|하우스웨딩|선정릉역웨딩홀|결혼준비|스몰웨딩|단독홀,https://weddingcrowd.kr/data/hall/2501/20250107053758_109716_0썸네일.jpg,https://weddingcrowd.kr/hall/view.php?idx=279,279
아름다운웨딩컨벤션,충남 서천군,,https://weddingcrowd.kr/data/hall/2408/20240814045746_972280_썸네일.jpg,https://weddingcrowd.kr/hall/view.php?idx=1692,1692
아름다운웨딩홀,충북 청주시,,https://weddingcrowd.kr/data/hall/2507/20250707044435_309356_썸네일.jpg,https://weddingcrowd.kr/hall/view.php?idx=1748,1748
아름다운킹덤웨딩홀,대전 서구,,https://weddingcrowd.kr/data/hall/2406/20220929175919_킹덤.jpg,https://weddingcrowd.kr/hall/view.php?idx=1281,1281
아만티호텔,서울 마포구,아만티호텔|홍대호텔예식|호텔예식|홍대예식장|천고높은웨딩홀|결혼준비,https://weddingcrowd.kr/data/hall/2406/20210422112818_59.jpg,https://weddingcrowd.kr/hall/view.php?idx=1380,1380
아모르아트컨벤션,충북 청주시,,https://weddingcrowd.kr/data/hall/2406/20171109120031_dd.jpg,https://weddingcrowd.kr/hall/view.php?idx=1382,1382
아모르하우스,서울 강남구,아모르하우스|강남추천웨딩홀|서울웨딩홀|하우스웨딩|파티웨딩|프라이빗웨딩|결혼준비,https://weddingcrowd.kr/data/hall/2511/20251120100825_411211_썸네일.jpg,https://weddingcrowd.kr/hall/view.php?idx=1260,1260
아모리스 GS타워점,서울 강남구,아모리스GS타워점|아모리스역삼점|강남추천웨딩홀|대규모연회장|어두운웨딩홀|단독웨딩홀|결혼준비,https://weddingcrowd.kr/data/hall/2406/20210420190619_01.jpg,https://weddingcrowd.kr/hall/view.php?idx=59,59
아모리스 강남,서울 강남구,아모리스강남|메리츠타워웨딩|강남인기웨딩홀|어두운웨딩홀|단독웨딩홀|교통이편리한웨딩홀|결혼준비,https://weddingcrowd.kr/data/hall/2406/20210422173244_아모리스 강남.jpg,https://weddingcrowd.kr/hall/view.php?idx=272,272
아벤티움,서울 중구,아벤티움|중구웨딩홀|서울역웨딩홀|채플웨딩홀|단독웨딩홀|뷔페웨딩홀|결혼준비,https://weddingcrowd.kr/data/hall/2406/20210422164659_아벤.jpg,https://weddingcrowd.kr/hall/view.php?idx=1258,1258
아산터미널웨딩홀,충남 아산시,,https://weddingcrowd.kr/data/hall/2408/20240809043711_561022_썸네일.jpg,https://weddingcrowd.kr/hall/view.php?idx=1678,1678
아이모나디아,서울 서초구,아이모나디아|이탈리안스타일웨딩홀|서초구웨딩홀|하우스웨딩|레스토랑웨딩홀|단독웨딩홀|결혼준비,https://weddingcrowd.kr/data/hall/2406/20210420180404_01.jpg,https://weddingcrowd.kr/hall/view.php?idx=11,11
아이벡스컨벤션,경기 광명시,,https://weddingcrowd.kr/data/hall/2509/20250923031210_107535_썸네일.jpg,https://weddingcrowd.kr/hall/view.php?idx=1751,1751
아이티컨벤션,경기 용인시,,https://weddingcrowd.kr/data/hall/2409/20240904104700_171105_썸네일.jpg,https://weddingcrowd.kr/hall/view.php?idx=1723,1723
아펠가모 공덕,서울 종로구,아펠가모공덕|강북웨딩홀|공덕웨딩홀|마포웨딩홀|인기웨딩홀|맛있는웨딩|프리미엄웨딩|최고의순간|채플웨딩|교통이편한웨딩홀|아펠가모|결혼준비,https://weddingcrowd.kr/data/hall/2406/20210421185320_17.jpg,https://weddingcrowd.kr/hall/view.php?idx=1468,1468
아펠가모 광화문점,서울특별시 종로구,아펠가모광화문|강북웨딩홀|중구웨딩홀|인기웨딩홀|맛있는웨딩|프리미엄웨딩|최고의순간|채플웨딩|교통이편한웨딩홀|아펠가모|결혼준비,https://weddingcrowd.kr/data/hall/2406/20210423103429_아펠가모-광화문.jpg,https://weddingcrowd.kr/hall/view.php?idx=899,899
아펠가모 반포점,서울특별시 서초구,아펠가모반포|강남웨딩홀|반포웨딩홀|고속터미널과가까운웨딩홀|지방에서오기좋은웨딩홀|인기웨딩홀|맛있는웨딩|프리미엄웨딩|최고의순간|채플웨딩|교통이편한웨딩홀|아펠가모|결혼준비,https://weddingcrowd.kr/data/hall/2406/20210422131919_74.jpg,https://weddingcrowd.kr/hall/view.php?idx=823,823
아펠가모 선릉,서울 강남구,아펠가모선릉|강남구웨딩홀|인기웨딩홀|맛있는웨딩|프리미엄웨딩|최고의순간|채플웨딩|교통이편한웨딩홀|아펠가모|결혼준비,https://weddingcrowd.kr/data/hall/2406/20210422151505_아펠가모 선릉.jpg,https://weddingcrowd.kr/hall/view.php?idx=203,203
아펠가모 잠실점,서울특별시 송파구,아펠가모잠실|잠실웨딩홀|서울인기웨딩홀|채플웨딩|맛있는웨딩|프리미엄웨딩|최고의순간|교통이편한웨딩홀|결혼준비,https://weddingcrowd.kr/data/hall/2406/20210422101709_아펠가모 잠실점.jpg,https://weddingcrowd.kr/hall/view.php?idx=60,60
안동두리원웨딩홀,경북 안동시,,https://weddingcrowd.kr/data/hall/2406/20221021181015_두리2.jpg,https://weddingcrowd.kr/hall/view.php?idx=729,729
앨리스몽드 남산점,서울 용산구,앨리스몽드|남산웨딩홀|하우스웨딩홀|단독홀|컨셉웨딩|하우스웨딩|파티웨딩|루프탑웨딩|결혼준비,https://weddingcrowd.kr/data/hall/2409/20240904030242_743115_썸네일.jpg,https://weddingcrowd.kr/hall/view.php?idx=1457,1457
양평 더벨리타,경기 양평군,양평더벨리타|양평웨딩홀|컨벤션웨딩홀|역세권웨딩홀|양평역웨딩홀|단독웨딩홀|결혼준비,https://weddingcrowd.kr/data/hall/2406/20210423174756_더벨리.jpg,https://weddingcrowd.kr/hall/view.php?idx=1387,1387
양평힐하우스,경기 양평군,양평힐하우스|호텔웨딩홀|양평웨딩홀|가든웨딩|소규모웨딩|야외웨딩홀|하우스웨딩|결혼준비,https://weddingcrowd.kr/data/hall/2406/20210423173705_힐하우스.jpg,https://weddingcrowd.kr/hall/view.php?idx=1406,1406
에뜨왈드포레,경기 화성시,,https://weddingcrowd.kr/data/hall/2409/20240904112604_510544_썸네일.jpg,https://weddingcrowd.kr/hall/view.php?idx=1726,1726
에리카컨벤션웨딩홀(한양대게스트하우스),경기도 안산시,에리카컨벤션웨딩홀|한양대학교웨딩홀|안산웨딩홀|컨벤션웨딩홀|호텔웨딩홀|결혼준비,https://weddingcrowd.kr/data/hall/2406/20210423144957_에리카.jpg,https://weddingcrowd.kr/hall/view.php?idx=542,542
에스가든웨딩 대전,대전 서구,,https://weddingcrowd.kr/data/hall/2407/20240730012913_418724_썸네일.jpg,https://weddingcrowd.kr/hall/view.php?idx=1658,1658
에스가든웨딩청주,충북 청주시,,https://weddingcrowd.kr/data/hall/2408/20240823044313_704407_썸네일.jpg,https://weddingcrowd.kr/hall/view.php?idx=1708,1708
에스칼라디움웨딩홀,인천 부평구,,https://weddingcrowd.kr/data/hall/2408/20240829020621_814571_썸네일.jpg,https://weddingcrowd.kr/hall/view.php?idx=1715,1715
엔에스논산웨딩홀,충남 논산시,,https://weddingcrowd.kr/data/hall/2406/20220926182817_ns.jpg,https://weddingcrowd.kr/hall/view.php?idx=589,589
엘가모아(구.한빛웨딩프라자),서울 종로구,엘가모아|유로피안웨딩홀|종로웨딩홀|채플웨딩홀|서울웨딩홀|대학로웨딩홀|결혼준비,https://weddingcrowd.kr/data/hall/2406/20210422134625_81.jpg,https://weddingcrowd.kr/hall/view.php?idx=730,730
엘디스리젠트호텔,대구 중구,,https://weddingcrowd.kr/data/hall/2406/20221012181003_엘.jpg,https://weddingcrowd.kr/hall/view.php?idx=1085,1085
엘리스몽드,서울 용산구,,https://weddingcrowd.kr/data/hall/2412/20241210030002_122565_썸네일.jpg,https://weddingcrowd.kr/hall/view.php?idx=1741,1741
엘리아벨,인천 연수구,엘리아벨|야외웨딩|인천웨딩홀|하우스웨딩홀,https://weddingcrowd.kr/data/hall/2603/20260320035328_490295_썸네일.jpg,https://weddingcrowd.kr/hall/view.php?idx=1757,1757
엘뷔하우스,서울 중구,서울|스몰웨딩|결혼준비|웨딩투어|엘뷔하우스|중구|웨딩홀|파티앤프렌즈|예약|ATM기계|결혼식|예식|행사|시식|상담실|보증인원|신부대기실|교통|주차|주차장|단독홀|서울|스몰웨딩|결혼준비,https://weddingcrowd.kr/data/hall/2407/20240724053400_350490_썸네일.jpg,https://weddingcrowd.kr/hall/view.php?idx=1641,1641
엘스튜디오 웨딩홀,경기 고양시,,https://weddingcrowd.kr/data/hall/2407/20240724044201_223687_썸네일.jpg,https://weddingcrowd.kr/hall/view.php?idx=1637,1637
엘컨벤션,서울 구로구,엘컨벤션|구로구웨딩홀|단독홀|호텔식웨딩|동시웨딩|스토리웨딩|코스요리웨딩홀|결혼준비,https://weddingcrowd.kr/data/hall/2501/20250120020934_914776_썸네일.jpg,https://weddingcrowd.kr/hall/view.php?idx=1451,1451
엘타워 ELTOWER,서울 서초구,ELTOWER|엘타워웨딩홀|호텔식웨딩홀|서초구인기웨딩홀|서울웨딩홀|웅장한웨딩홀|어두운웨딩홀|결혼준비,https://weddingcrowd.kr/data/hall/2406/20220817181055_엘1.jpg,https://weddingcrowd.kr/hall/view.php?idx=85,85
엠블던호텔웨딩,경기 안산시,,https://weddingcrowd.kr/data/hall/2408/20240808030251_241012_썸네일.jpg,https://weddingcrowd.kr/hall/view.php?idx=1669,1669
엠시티웨딩컨벤션,경기 고양시,,https://weddingcrowd.kr/data/hall/2407/20240724045131_391702_썸네일.jpg,https://weddingcrowd.kr/hall/view.php?idx=1638,1638
여의도웨딩컨벤션(구.KT사옥),서울특별시 영등포구,여의도웨딩컨벤션|KT사옥|영등포웨딩홀|채플웨딩|어두운웨딩홀|천고높은웨딩홀|결혼준비,https://weddingcrowd.kr/data/hall/2406/20220721135420_여.jpg,https://weddingcrowd.kr/hall/view.php?idx=276,276
여주황제웨딩타운,경기 여주시,여주황제웨딩타운|여주웨딩홀|야외웨딩홀|고풍스러운웨딩홀|전통분위기|뷔페웨딩홀|결혼준비,https://weddingcrowd.kr/data/hall/2406/20210422180336_황제.jpg,https://weddingcrowd.kr/hall/view.php?idx=969,969
연세플라자,서울 서대문구,연세플라자|연세대학교웨딩홀|서대문구웨딩홀|신촌동웨딩홀|호텔식웨딩홀|결혼준비,https://weddingcrowd.kr/data/hall/2406/20210422164811_연세플라자.jpg,https://weddingcrowd.kr/hall/view.php?idx=252,252
오드힐하우스(누리시아),서울 서초구,오드힐하우스|누리시아|서초웨딩홀|하우스웨딩|채플웨딩|방배웨딩홀|단독홀|결혼준비,https://weddingcrowd.kr/data/hall/2603/20260319011621_794857_썸네일.jpg,https://weddingcrowd.kr/hall/view.php?idx=236,236
오산웨딩의전당,경기 오산시,오산웨딩의전당|오산추천웨딩홀|컨벤션웨딩홀|밝은웨딩홀|뷔페웨딩홀|결혼준비,https://weddingcrowd.kr/data/hall/2406/20210423145703_웨딩읜전당.jpg,https://weddingcrowd.kr/hall/view.php?idx=541,541
오산컨벤션웨딩홀,경기 오산시,오산컨벤션웨딩홀|오산웨딩홀|컨벤션웨딩홀|교통이편리한웨딩홀|화려한웨딩홀|결혼준비,https://weddingcrowd.kr/data/hall/2406/20220902162537_3.jpg,https://weddingcrowd.kr/hall/view.php?idx=346,346
오엔(ON),서울 강남구,오엔웨딩홀|오엔|압구정웨딩홀|선상웨딩|한강웨딩홀|하우스웨딩홀|한강공원잠원지구|레스토랑웨딩홀|프라이빗웨딩|결혼준비,https://weddingcrowd.kr/data/hall/2406/20220902161257_1.jpg,https://weddingcrowd.kr/hall/view.php?idx=74,74
오크우드프리미어인천 웨딩 연회,인천 연수구,,https://weddingcrowd.kr/data/hall/2408/20240829020939_262063_썸네일.jpg,https://weddingcrowd.kr/hall/view.php?idx=1716,1716
오페라웨딩컨벤션,강원 원주시,,https://weddingcrowd.kr/data/hall/2406/20221007171632_1.jpg,https://weddingcrowd.kr/hall/view.php?idx=1103,1103
오페라웨딩홀,대전 서구,,https://weddingcrowd.kr/data/hall/2406/20220929180802_오페라.jpg,https://weddingcrowd.kr/hall/view.php?idx=1280,1280
오펠리스웨딩홀,서울 중구,오펠리스웨딩홀|중구웨딩홀|서소문동웨딩홀|서울역웨딩홀|시청역웨딩홀|컨벤션웨딩홀|결혼준비,https://weddingcrowd.kr/data/hall/2503/20250326110746_626424_썸네일.jpg,https://weddingcrowd.kr/hall/view.php?idx=461,461
오하하우스웨딩,경기 안성시,,https://weddingcrowd.kr/data/hall/2408/20240808034110_283959_썸네일.jpg,https://weddingcrowd.kr/hall/view.php?idx=1673,1673
온양관광호텔,충남 아산시,,https://weddingcrowd.kr/data/hall/2406/20220927133526_관광.jpg,https://weddingcrowd.kr/hall/view.php?idx=1005,1005
온즈드롬,서울 중구,온즈드롬|중구인기웨딩홀|야외웨딩홀|밝은웨딩홀|나만의웨딩|커스텀웨딩|루프탑웨딩|컨셉웨딩|하우스웨딩|웨딩디렉팅|셀프웨딩|야외예식장|야외예식|결혼준비,https://weddingcrowd.kr/data/hall/2507/20250728043121_962754_온즈드롬_썸네일.jpg,https://weddingcrowd.kr/hall/view.php?idx=1471,1471
온즈드롬 도산,서울 강남구,온즈드롬크리에이티브|강남웨딩홀|유니크한웨딩홀|미술전시관웨딩홀|루프탑웨딩홀|도시적인느낌|결혼준비,https://weddingcrowd.kr/data/hall/2507/20250728043832_492165_온즈드롬_크리에이티브_썸네일.jpg,https://weddingcrowd.kr/hall/view.php?idx=1487,1487
온즈드롬 합정,서울 마포구,온즈드롬|하우스웨딩,https://weddingcrowd.kr/data/hall/2507/20250728044646_471289_온즈드롬_합정_썸네일.jpg,https://weddingcrowd.kr/hall/view.php?idx=1749,1749
운현궁,서울 종로구,운현궁|전통혼례|종로웨딩홀|한옥웨딩홀|특별한결혼식|색다른예식|결혼준비,https://weddingcrowd.kr/data/hall/2406/20220831174258_궁2.jpg,https://weddingcrowd.kr/hall/view.php?idx=183,183
워터프런트웨딩홀,충남 천안시,,https://weddingcrowd.kr/data/hall/2406/20220927170147_워터.jpg,https://weddingcrowd.kr/hall/view.php?idx=814,814
원주 베로나지디,강원특별자치도 원주시,,https://weddingcrowd.kr/data/hall/2407/20240716095547_493208_00.jpg,https://weddingcrowd.kr/hall/view.php?idx=1633,1633
원주 아모르컨벤션,강원 원주시,,https://weddingcrowd.kr/data/hall/2406/20221007165608_3.jpg,https://weddingcrowd.kr/hall/view.php?idx=643,643
원주 지오컨벤션,강원특별자치도 원주시,원주인기최고웨딩홀|원웨딩홀|원주야외웨딩|지오컨벤션,https://weddingcrowd.kr/data/hall/2407/20240711043855_757019_01.jpg,https://weddingcrowd.kr/hall/view.php?idx=1632,1632
원주웨딩타운,강원도 원주시,,https://weddingcrowd.kr/data/hall/2406/20220930174238_1.jpg,https://weddingcrowd.kr/hall/view.php?idx=905,905
월드컵컨벤션,서울 마포구,,https://weddingcrowd.kr/data/hall/2408/20240821044310_816681_대표_썸네일사이즈.jpg,https://weddingcrowd.kr/hall/view.php?idx=1705,1705
웨딩 셀레스쳘,인천 연수구,,https://weddingcrowd.kr/data/hall/2408/20240829023635_760678_썸네일.jpg,https://weddingcrowd.kr/hall/view.php?idx=1717,1717
웨딩그룹위더스,서울 영등포구,웨딩그룹위너스|영등포웨딩홀|웨딩전용빌딩|컨벤션웨딩홀|초대형예식장|결혼준비,https://weddingcrowd.kr/data/hall/2406/20220901180133_위6.jpg,https://weddingcrowd.kr/hall/view.php?idx=1256,1256
웨딩그룹위더스안양,경기 안양시,,https://weddingcrowd.kr/data/hall/2408/20240820054420_696048_썸네일.jpg,https://weddingcrowd.kr/hall/view.php?idx=1701,1701
웨딩데이즈 한국거래소점,서울 영등포구,,https://weddingcrowd.kr/data/hall/2407/20240725044618_987092_썸네일.jpg,https://weddingcrowd.kr/hall/view.php?idx=1652,1652
웨딩디아몽(구.투나웨딩),경기 부천시,웨딩디아몽|부천웨딩홀|채플웨딩|하우스웨딩|천고가높은웨딩홀|뷔페웨딩홀|교통이편리한웨딩홀|결혼준비,"https://weddingcrowd.kr/data/hall/2406/20210422180545_웨딩디아몽_구,투나웨딩.jpg",https://weddingcrowd.kr/hall/view.php?idx=324,324
웨딩라포엠,경기 남양주시,웨딩라포엠|남양주웨딩홀|유로피안스타일웨딩홀|뷔페웨딩홀|컨벤션웨딩홀|결혼준비,"https://weddingcrowd.kr/data/hall/2406/20210422162531_웨딩라포엠_구,더컨벤션웨딩부페.jpg",https://weddingcrowd.kr/hall/view.php?idx=240,240
웨딩스퀘어 강변,서울특별시 광진구,웨딩스퀘어강변|광진구웨딩홀|채플웨딩홀|하우스웨딩홀|인생맛집웨딩홀|결혼준비,https://weddingcrowd.kr/data/hall/2409/20240912033719_916001_썸네일.jpg,https://weddingcrowd.kr/hall/view.php?idx=981,981
웨딩스퀘어 성북,서울 성북구,웨딩스퀘어성북|성북구웨딩홀|컨벤션웨딩홀|주례없는예식|교통이편리한웨딩홀|뷔페웨딩홀|결혼준비,https://weddingcrowd.kr/data/hall/2406/20210422111706_56.jpg,https://weddingcrowd.kr/hall/view.php?idx=1385,1385
웨딩시그니처,서울 마포구,,https://weddingcrowd.kr/data/hall/2408/20240821045104_777540_대표_썸네일사이즈.jpg,https://weddingcrowd.kr/hall/view.php?idx=1706,1706
웨딩여율리,서울 영등포구,,https://weddingcrowd.kr/data/hall/2407/20240725034053_486332_썸네일.jpg,https://weddingcrowd.kr/hall/view.php?idx=1646,1646
웨딩의전당 가원,충남 당진시,,https://weddingcrowd.kr/data/hall/2406/20220927170518_가원.jpg,https://weddingcrowd.kr/hall/view.php?idx=986,986
웨딩캐슬,충남 부여군,,https://weddingcrowd.kr/data/hall/2408/20240813045036_907704_썸네일.jpg,https://weddingcrowd.kr/hall/view.php?idx=1689,1689
웨딩팰리스,경기도 의정부시,웨딩팰리스|의정부웨딩홀|대규모웨딩홀|클래식웨딩홀|교통이좋은웨딩홀|고품격웨딩홀|결혼준비,https://weddingcrowd.kr/data/hall/2406/20220719180944_의5.jpg,https://weddingcrowd.kr/hall/view.php?idx=230,230
웨스턴베니비스신도림,서울 구로구,,https://weddingcrowd.kr/data/hall/2408/20240809042108_893399_썸네일.jpg,https://weddingcrowd.kr/hall/view.php?idx=1676,1676
웨스턴베니비스영등포,서울 영등포구,웨스턴베니비스|신도림웨딩홀|구로구웨딩홀|테크노마트웨딩홀|뷔페웨딩홀|컨벤션웨딩홀|결혼준비,https://weddingcrowd.kr/data/hall/2406/20210422130500_71.jpg,https://weddingcrowd.kr/hall/view.php?idx=854,854
웨스턴팰리스웨딩,인천 부평구,,https://weddingcrowd.kr/data/hall/2408/20240829015824_680568_썸네일.jpg,https://weddingcrowd.kr/hall/view.php?idx=1714,1714
유성컨벤션웨딩,대전 유성구,,https://weddingcrowd.kr/data/hall/2406/20220929182650_유성.jpg,https://weddingcrowd.kr/hall/view.php?idx=1088,1088
이랜드크루즈,서울 영등포구,이랜드크루즈|하우스|유니크웨딩|한강뷰|영등포,https://weddingcrowd.kr/data/hall/2406/20220117163420_01.jpg,https://weddingcrowd.kr/hall/view.php?idx=1495,1495
이룸웨딩컨벤션,서울 마포구,이룸웨딩컨벤션|마포구웨딩홀|공덕웨딩홀|편리한교통|단독웨딩홀|경찰공제회|뷔페맛집|넓은로비|신부대기실예쁜|공무원할인웨딩홀|편리한동선웨딩홀|홀하나웨딩홀|강북웨딩홀|결혼준비,https://weddingcrowd.kr/data/hall/2406/20220831180843_이룸6.jpg,https://weddingcrowd.kr/hall/view.php?idx=752,752
이비스 스타일 앰배서더 서울 명동,서울 중구,이비스스타일앰배서더서울명동|하우스웨딩|스몰웨딩|루푸탑웨딩|호텔웨딩,https://weddingcrowd.kr/data/hall/2406/20210830123645_이비스명동01.png,https://weddingcrowd.kr/hall/view.php?idx=1490,1490
인천 네스트호텔,인천 중구,인천네스트호텔|중구추천웨딩홀|인천웨딩홀|가든웨딩|야외웨딩|호텔웨딩|영종도웨딩홀|결혼준비,https://weddingcrowd.kr/data/hall/2406/20210421180705_04.jpg,https://weddingcrowd.kr/hall/view.php?idx=1480,1480
인터컨티넨탈 서울 코엑스,서울 강남구,인터컨티넨탈코엑스|강남인기웨딩홀|채플웨딩홀|대규모예식|호텔웨딩홀|럭셔리웨딩홀|결혼준비,https://weddingcrowd.kr/data/hall/2406/20220720173731_인터.jpg,https://weddingcrowd.kr/hall/view.php?idx=238,238
일산 웨스턴빌리프,경기도 고양시,웨스턴빌리프일산|일산웨딩홀|채플웨딩홀|하우스웨딩|단독웨딩홀|결혼준비,https://weddingcrowd.kr/data/hall/2601/20260113020431_910309_썸네일.jpg,https://weddingcrowd.kr/hall/view.php?idx=651,651
정동프란치스코,서울 중구,정동프란치스코|중구웨딩홀|종교예식|성당예식장|성당결혼식|채플웨딩홀|결혼준비,https://weddingcrowd.kr/data/hall/2406/20210423132243_프란치스코.jpg,https://weddingcrowd.kr/hall/view.php?idx=709,709
제이아트웨딩홀,광주 서구,,https://weddingcrowd.kr/data/hall/2406/20221014165734_제이.jpg,https://weddingcrowd.kr/hall/view.php?idx=1270,1270
제이앤제이아트컨벤션,경기 평택시,,https://weddingcrowd.kr/data/hall/2409/20240904105530_369691_썸네일.jpg,https://weddingcrowd.kr/hall/view.php?idx=1724,1724
제이오스티엘,서울특별시 구로구,제이오스티엘|구로구웨딩홀|클래식웨딩홀|어두운웨딩홀|컨벤션웨딩홀|결혼준비,https://weddingcrowd.kr/data/hall/2409/20240912051537_546290_썸네일.jpg,https://weddingcrowd.kr/hall/view.php?idx=259,259
제주 그랜드호텔,제주 제주시,,https://weddingcrowd.kr/data/hall/2406/20220927175800_1.jpg,https://weddingcrowd.kr/hall/view.php?idx=1096,1096
제주 마리나관광호텔,제주 제주시,,https://weddingcrowd.kr/data/hall/2406/20220926175756_1.jpg,https://weddingcrowd.kr/hall/view.php?idx=1092,1092
제주 칼호텔,제주 제주시,,https://weddingcrowd.kr/data/hall/2406/20220926180931_1.jpg,https://weddingcrowd.kr/hall/view.php?idx=1097,1097
제주오리엔탈 호텔,제주 제주시,,https://weddingcrowd.kr/data/hall/2507/20250729103016_245008_2-2.png,https://weddingcrowd.kr/hall/view.php?idx=1095,1095
지음웨딩홀,경기 구리시,지음웨딩홀|구리추천웨딩홀|컨벤션웨딩홀|단독웨딩홀|층고가높은웨딩홀|신부대기실넓은|결혼준비,https://weddingcrowd.kr/data/hall/2406/20210421180524_01.jpg,https://weddingcrowd.kr/hall/view.php?idx=1485,1485
지타워컨벤션,서울 구로구,,https://weddingcrowd.kr/data/hall/2408/20240809042459_673604_썸네일.jpg,https://weddingcrowd.kr/hall/view.php?idx=1677,1677
참조은웨딩컨벤션,전북 남원시,,https://weddingcrowd.kr/data/hall/2406/20221014171619_1.jpg,https://weddingcrowd.kr/hall/view.php?idx=1014,1014
채플웨딩홀 네오트로,서울 종로구,,https://weddingcrowd.kr/data/hall/2407/20240725040134_450836_썸네일.jpg,https://weddingcrowd.kr/hall/view.php?idx=1647,1647
천안)세종웨딩홀,충남 천안시,,https://weddingcrowd.kr/data/hall/2406/20220927182419_세종.jpg,https://weddingcrowd.kr/hall/view.php?idx=482,482
천안S컨벤션웨딩홀,충남 천안시,,https://weddingcrowd.kr/data/hall/2408/20240813042616_889290_썸네일.jpg,https://weddingcrowd.kr/hall/view.php?idx=1685,1685
청주리호관광호텔,충북 청주시,,https://weddingcrowd.kr/data/hall/2406/20220928161010_청주리3.jpg,https://weddingcrowd.kr/hall/view.php?idx=523,523
춘천베어스관광호텔,강원 춘천시,,https://weddingcrowd.kr/data/hall/2406/20220930171433_1.jpg,https://weddingcrowd.kr/hall/view.php?idx=689,689
케이터틀,서울특별시 마포구,케이터틀컨벤션|거구장|마포구웨딩홀|한정식웨딩홀|초대형컨벤션|컨벤션웨딩홀|하우스웨딩홀|신촌역웨딩홀|결혼준비|웨딩홀,https://weddingcrowd.kr/data/hall/2512/20251226104644_706744_썸네일.jpg,https://weddingcrowd.kr/hall/view.php?idx=208,208
"켄싱턴호텔(구, 렉싱턴)",서울특별시 영등포구,켄싱턴호텔|영등포웨딩홀|여의도웨딩홀|여의도스몰웨딩|호텔스몰웨딩|한강뷰웨딩홀|호텔웨딩홀|결혼준비,"https://weddingcrowd.kr/data/hall/2406/20210422145218_켄싱턴호텔_구,렉싱턴.jpg",https://weddingcrowd.kr/hall/view.php?idx=196,196
코리아나호텔웨딩홀,서울특별시 중구,코리아나호텔웨딩홀|중구웨딩홀|호텔웨딩홀|유로피안스타일웨딩홀|밝은웨딩홀|결혼준비,https://weddingcrowd.kr/data/hall/2406/20210422160051_116.jpg,https://weddingcrowd.kr/hall/view.php?idx=445,445
코리아디자인센터,경기도 성남시,,https://weddingcrowd.kr/data/hall/2408/20240820050935_748609_썸네일.jpg,https://weddingcrowd.kr/hall/view.php?idx=157,157
코브나인,경기 안산시,,https://weddingcrowd.kr/data/hall/2603/20260331043024_431696_썸네일.jpg,https://weddingcrowd.kr/hall/view.php?idx=1759,1759
코스모스호텔,강원 동해시,,https://weddingcrowd.kr/data/hall/2406/20220930170606_2.jpg,https://weddingcrowd.kr/hall/view.php?idx=1102,1102
퀸벨호텔,대구광역시 동구,,https://weddingcrowd.kr/data/hall/2408/20240819055533_233939_썸네일.jpg,https://weddingcrowd.kr/hall/view.php?idx=1078,1078
크레스트72,서울 중구,,https://weddingcrowd.kr/data/hall/2407/20240724051255_478823_썸네일.jpg,https://weddingcrowd.kr/hall/view.php?idx=1639,1639
크리스탈컨벤션홀,대전 서구,,https://weddingcrowd.kr/data/hall/2406/20220930144027_크리.jpg,https://weddingcrowd.kr/hall/view.php?idx=1071,1071
키나,서울 성북구,키나|키나웨딩홀|성북구웨딩홀|소규모웨딩|하우스웨딩|야외웨딩|스몰웨딩|프라이빗한웨딩|야외예식장|결혼준비,https://weddingcrowd.kr/data/hall/2406/20210421181953_10.jpg,https://weddingcrowd.kr/hall/view.php?idx=1474,1474
킨텍스신세계그래머스,경기 고양시,킨텍스플라자|킨텍스웨딩홀|킨텍스예식장|호텔웨딩홀|초대형예식장|고품격웨딩홀|소규모웨딩|하우스웨딩|넓은주차공간|결혼준비,https://weddingcrowd.kr/data/hall/2406/20210422173228_킨텍스.jpg,https://weddingcrowd.kr/hall/view.php?idx=1227,1227
테크노마트웨딩시티,서울특별시 구로구,테크노마트웨딩시티|테크노마트예식장|신도림웨딩홀|호텔식웨딩홀|초대형연회장|경복궁폐백|결혼준비,https://weddingcrowd.kr/data/hall/2406/20220822181544_1그랜드볼룸.jpg,https://weddingcrowd.kr/hall/view.php?idx=232,232
트라디노이,서울 강남구,스몰웨딩|하우스웨딩|커스텀웨딩|서울스몰웨딩|보증인원|밝은홀,https://weddingcrowd.kr/data/hall/2507/20250723091833_316403_썸네일.jpg,https://weddingcrowd.kr/hall/view.php?idx=1493,1493
트리니티컨벤션,경기 안양시,,https://weddingcrowd.kr/data/hall/2408/20240821045631_181487_썸네일.jpg,https://weddingcrowd.kr/hall/view.php?idx=1704,1704
티웨딩 천안,충남 천안시,,https://weddingcrowd.kr/data/hall/2408/20240813041321_826510_썸네일.jpg,https://weddingcrowd.kr/hall/view.php?idx=1683,1683
틸티드 한남,서울 용산구,,https://weddingcrowd.kr/data/hall/2407/20240725035228_778686_썸네일.jpg,https://weddingcrowd.kr/hall/view.php?idx=1645,1645
파크 하얏트 서울,서울 강남구,파크하얏트서울|강남웨딩홀|서울웨딩홀|호텔웨딩홀|소규모웨딩|프라이빗웨딩|결혼준비,https://weddingcrowd.kr/data/hall/2406/20210422105356_49.jpg,https://weddingcrowd.kr/hall/view.php?idx=1395,1395
파티오나인,서울 강남구,파티오나인|강남인기웨딩홀|단독웨딩홀|컨벤션웨딩홀|하우스웨딩|소규모웨딩|야외테라스웨딩홀|뷔페웨딩홀|결혼준비,https://weddingcrowd.kr/data/hall/2406/20210422100105_파티오나인.jpg,https://weddingcrowd.kr/hall/view.php?idx=39,39
파티오벨라,경기 안양시,,https://weddingcrowd.kr/data/hall/2408/20240820054739_888679_썸네일.jpg,https://weddingcrowd.kr/hall/view.php?idx=1702,1702
파티움 하우스 수원 (구.제이마리스),경기도 수원시,제이마리스|수원웨딩홀|수원스몰웨딩홀|수원시청역10번출구|화성웨딩홀추천|용인웨딩홀|수원코로나대비잘하는웨딩홀|수원j마리스홀|수원스몰웨딩|수원예식준비|결혼준비,https://weddingcrowd.kr/data/hall/2406/20220901172835_제3.jpg,https://weddingcrowd.kr/hall/view.php?idx=638,638
파티움하우스-그레이스켈리 수원,수원시 팔달구,파티움하우스수원|그레이스켈리수원|유럽풍웨딩홀|단독웨딩홀|뷔페가맛있는웨딩홀|결혼준비,https://weddingcrowd.kr/data/hall/2406/20220810163515_3층-파티움홀1.jpg,https://weddingcrowd.kr/hall/view.php?idx=355,355
파티웨딩유,경기 수원시,파티웨딩유|수원웨딩홀|컨벤션웨딩홀|컨셉웨딩|채플웨딩|컨벤션웨딩|시어터웨딩|이벤트웨딩|뮤지컬웨딩|파티웨딩|결혼준비,https://weddingcrowd.kr/data/hall/2406/20210423105452_1-2.jpg,https://weddingcrowd.kr/hall/view.php?idx=852,852
퍼스트가든 가우디움웨딩,경기 파주시,퍼스트가든|야외웨딩홀|일산웨딩홀|파주웨딩홀|실내웨딩|야외웨딩|채플웨딩홀|뷔페웨딩홀|결혼준비,https://weddingcrowd.kr/data/hall/2406/20210422095806_30.jpg,https://weddingcrowd.kr/hall/view.php?idx=1454,1454
페어몬트 앰배서더 서울 호텔,서울 영등포구,,https://weddingcrowd.kr/data/hall/2407/20240725041939_818674_썸네일.jpg,https://weddingcrowd.kr/hall/view.php?idx=1650,1650
페이지웨딩,경기도 용인시,페이지웨딩|용인추천웨딩홀|용인최대규모웨딩홀|단독웨딩홀|시어터웨딩홀|하우스웨딩|야외예식|천고높은웨딩홀|결혼준비,https://weddingcrowd.kr/data/hall/2406/20220209130302_01.jpg,https://weddingcrowd.kr/hall/view.php?idx=1401,1401
포레스트원,서울 성북구,,https://weddingcrowd.kr/data/hall/2412/20241213044203_452688_썸네일.jpg,https://weddingcrowd.kr/hall/view.php?idx=1743,1743
포스코국제관,경북 포항시,,https://weddingcrowd.kr/data/hall/2406/20221024162931_포스코1.jpg,https://weddingcrowd.kr/hall/view.php?idx=1220,1220
포천다온컨벤션,경기 포천시,포천웨딩홀|포천컨벤션|포천추천웨딩홀|포천하우스웨딩|하우스웨딩|포레스트웨딩홀,https://weddingcrowd.kr/data/hall/2406/20220609180450_01.jpg,https://weddingcrowd.kr/hall/view.php?idx=1497,1497
포포인츠 바이 쉐라톤 서울 구로,서울 구로구,포포인츠바이쉐라톤|포포인츠|쉐라톤|구로구웨딩홀|소규모웨딩|하우스웨딩|스몰웨딩|호텔웨딩|동시예식|프라이빗웨딩|결혼준비,https://weddingcrowd.kr/data/hall/2406/20210420183633_01.jpg,https://weddingcrowd.kr/hall/view.php?idx=1486,1486
프라움 하우스 웨딩,경기 남양주시,프라움|프라움웨딩홀|남양주인기웨딩홀|하우스웨딩홀|유로피안스타일|유로피안웨딩홀|가든웨딩|한강이보이는웨딩홀|결혼준비,https://weddingcrowd.kr/data/hall/2406/20220721161815_24.jpg,https://weddingcrowd.kr/hall/view.php?idx=1478,1478
프레스센터플라자,서울특별시 중구,,https://weddingcrowd.kr/data/hall/2408/20240819054448_354337_썸네일.jpg,https://weddingcrowd.kr/hall/view.php?idx=442,442
프리마루체,경기 파주시,프리마루체|파주인기웨딩홀|단독웨딩홀|천고높은웨딩홀|뷔페웨딩홀|프라이빗한웨딩|결혼준비,https://weddingcrowd.kr/data/hall/2406/20210423124110_프리마.jpg,https://weddingcrowd.kr/hall/view.php?idx=757,757
피렌체웨딩홀,대전 서구,,https://weddingcrowd.kr/data/hall/2406/20220930145049_피렌체4.jpg,https://weddingcrowd.kr/hall/view.php?idx=1075,1075
피에스타귀족 강남점,서울 강남구,피에스타귀족|강남웨딩홀|채플형웨딩홀|하우스웨딩홀|클래식웨딩홀|교통이편리한웨딩홀|결혼준비,https://weddingcrowd.kr/data/hall/2406/20210422130626_72.jpg,https://weddingcrowd.kr/hall/view.php?idx=838,838
하버파크호텔,인천광역시 중구,하버파크웨딩홀|인천추천웨딩홀|파티웨딩|야외웨딩|스몰웨딩|디자인웨딩|인천중구웨딩홀|결혼준비,https://weddingcrowd.kr/data/hall/2506/20250613032053_862330_썸네일.jpg,https://weddingcrowd.kr/hall/view.php?idx=475,475
하우스오브더라움,서울 광진구,,https://weddingcrowd.kr/data/hall/2503/20250314114835_323059_썸네일.jpg,https://weddingcrowd.kr/hall/view.php?idx=1746,1746
하우스웨딩 바이 토오,서울 강남구,하우스웨딩바이토오|압구정웨딩홀|하우스웨딩|소규모예식|채플웨딩홀|한정식웨딩홀|결혼준비,https://weddingcrowd.kr/data/hall/2406/20210423094221_바이토오.jpg,https://weddingcrowd.kr/hall/view.php?idx=945,945
한국교총컨벤션웨딩홀,서울 서초구,한국교총컨벤션웨딩홀|한국교총MW컨벤션|컨벤션웨딩홀|천고높은웨딩홀|프라이빗웨딩홀|한국교총|결혼준비,https://weddingcrowd.kr/data/hall/2406/20210422111702_한국교총컨벤션웨딩홀.jpg,https://weddingcrowd.kr/hall/view.php?idx=122,122
한국의집,서울 중구,한국의집|서울한옥웨딩홀|중구웨딩홀|한옥결혼식|전통혼례|야외웨딩|야외결혼식|셀프웨딩|한식웨딩홀|결혼준비,https://weddingcrowd.kr/data/hall/2406/20220719175143_1.jpg,https://weddingcrowd.kr/hall/view.php?idx=104,104
해군호텔웨딩홀,서울 영등포구,해군호텔웨딩홀|해군예식장|영등포인기웨딩홀|컨벤션웨딩홀|채플느낌웨딩홀|단독웨딩홀|군인예식장|결혼준비,https://weddingcrowd.kr/data/hall/2406/20220719171739_11.jpg,https://weddingcrowd.kr/hall/view.php?idx=392,392
행복컨벤션웨딩,충남 부여군,,https://weddingcrowd.kr/data/hall/2408/20240813044508_890077_썸네일.jpg,https://weddingcrowd.kr/hall/view.php?idx=1688,1688
행운웨딩홀,충북 제천시,,https://weddingcrowd.kr/data/hall/2406/20220928164001_행운.jpg,https://weddingcrowd.kr/hall/view.php?idx=1028,1028
호서웨딩프라자,충남 아산시,,https://weddingcrowd.kr/data/hall/2408/20240820060148_230848_썸네일.jpg,https://weddingcrowd.kr/hall/view.php?idx=593,593
호텔 선샤인웨딩홀,대전 동구,,https://weddingcrowd.kr/data/hall/2406/20220930152446_선샤인8.jpg,https://weddingcrowd.kr/hall/view.php?idx=759,759
호텔 앙코르 이비스 수원,경기도 수원시,앙코르이비스앰배서더수원|호텔예식|호텔웨딩|수원웨딩홀|수원예식장|수원웨딩홀추천|수원웨딩준비,https://weddingcrowd.kr/data/hall/2502/20250204121343_400299_썸네일.jpg,https://weddingcrowd.kr/hall/view.php?idx=521,521
호텔 푸르미르,경기 화성시,호텔푸르미르|화성웨딩홀|호텔웨딩홀|대규모연회장|소규모예식장|밝은웨딩홀|결혼준비,https://weddingcrowd.kr/data/hall/2406/20210422123923_63.jpg,https://weddingcrowd.kr/hall/view.php?idx=1376,1376
호텔뉴브,서울 강남구,,https://weddingcrowd.kr/data/hall/2603/20260317112048_212165_썸네일.jpg,https://weddingcrowd.kr/hall/view.php?idx=1756,1756
호텔라뷔포레 (구.호텔리츠),경기도 수원시,호텔리츠컨벤션|수원인기웨딩홀|추천웨딩홀|12M층고|천고높은웨딩홀|컨벤션웨딩홀|단독웨딩홀|수원맛집|결혼준비,https://weddingcrowd.kr/data/hall/2510/20251017111139_345713_썸네일.jpg,https://weddingcrowd.kr/hall/view.php?idx=726,726
호텔리베라 서울,서울 강남구,호텔리베라서울|청담동웨딩홀|강남웨딩홀|호텔웨딩홀|클래식웨딩홀|럭셔리웨딩홀|한식웨딩홀|결혼준비,https://weddingcrowd.kr/data/hall/2406/20210422100800_호텔리베라 서울.jpg,https://weddingcrowd.kr/hall/view.php?idx=49,49
호텔삼정,서울특별시 강남구,호텔삼정|역삼동웨딩홀|호텔웨딩홀|유럽풍웨딩홀|유럽풍정원|교통이편리한웨딩홀|한식웨딩홀|결혼준비,https://weddingcrowd.kr/data/hall/2406/20210422174650_호텔삼정.jpg,https://weddingcrowd.kr/hall/view.php?idx=297,297
호텔오노마웨딩,대전 유성구,,https://weddingcrowd.kr/data/hall/2407/20240730050703_487091_썸네일.jpg,https://weddingcrowd.kr/hall/view.php?idx=1664,1664
호텔인터불고 원주,강원 원주시,인터불고호텔원주|원주호텔웨딩,https://weddingcrowd.kr/data/hall/2507/20250723091536_828042_썸네일.jpg,https://weddingcrowd.kr/hall/view.php?idx=1104,1104
호텔인터시티웨딩,대전 유성구,,https://weddingcrowd.kr/data/hall/2407/20240730051620_292747_썸네일.jpg,https://weddingcrowd.kr/hall/view.php?idx=1665,1665
호텔카리스,인천 계양구,호텔카리스|인천웨딩홀|계양구웨딩홀|호텔웨딩홀|단독웨딩홀|시어터웨딩|맞춤식웨딩|채플웨딩|하우스웨딩|결혼준비,https://weddingcrowd.kr/data/hall/2406/20210423152832_카.jpg,https://weddingcrowd.kr/hall/view.php?idx=495,495
호텔파크하비오웨딩,서울 송파구,,https://weddingcrowd.kr/data/hall/2409/20240923035543_699945_호텔파크하비오썸.jpg,https://weddingcrowd.kr/hall/view.php?idx=1732,1732
호텔프리마,서울 강남구,호텔프리마|강남호텔웨딩홀|호텔웨딩홀|단독웨딩홀|야외웨딩|하우스웨딩|가든웨딩|결혼준비,https://weddingcrowd.kr/data/hall/2406/20210422143756_호텔프리마.jpg,https://weddingcrowd.kr/hall/view.php?idx=184,184
홀리데이인인천송도웨딩,인천 연수구,,https://weddingcrowd.kr/data/hall/2408/20240829030146_792241_썸네일.jpg,https://weddingcrowd.kr/hall/view.php?idx=1720,1720
홀리데이인호텔,광주 서구,,https://weddingcrowd.kr/data/hall/2406/20221014173402_홀리4.jpg,https://weddingcrowd.kr/hall/view.php?idx=1271,1271
히든가든,인천 연수구,,https://weddingcrowd.kr/data/hall/2408/20240829030757_975641_썸네일.jpg,https://weddingcrowd.kr/hall/view.php?idx=1721,1721
힐스코트웨딩하우스,전북 익산시,,https://weddingcrowd.kr/data/hall/2406/20221014172613_7.jpg,https://weddingcrowd.kr/hall/view.php?idx=1036,1036
힐튼웨딩홀부페,충남 천안시,,https://weddingcrowd.kr/data/hall/2406/20220928104055_힐튼.jpg,https://weddingcrowd.kr/hall/view.php?idx=1125,1125
